"filename", "language", "Markdown", "C++", "XML", "HLSL", "comment", "blank", "total"
"c:\Users\bibindon\source\repos\bibindon\RedfortressRender\GrassLandSample\GrassLandSample.vcxproj", "XML", 0, 0, 129, 0, 0, 6, 135
"c:\Users\bibindon\source\repos\bibindon\RedfortressRender\README.md", "Markdown", 21, 0, 0, 0, 0, 1, 22
"c:\Users\bibindon\source\repos\bibindon\RedfortressRender\Render\AnimController.cpp", "C++", 0, 76, 0, 0, 14, 13, 103
"c:\Users\bibindon\source\repos\bibindon\RedfortressRender\Render\AnimController.h", "C++", 0, 33, 0, 0, 1, 9, 43
"c:\Users\bibindon\source\repos\bibindon\RedfortressRender\Render\AnimMesh.cpp", "C++", 0, 219, 0, 0, 12, 68, 299
"c:\Users\bibindon\source\repos\bibindon\RedfortressRender\Render\AnimMesh.h", "C++", 0, 53, 0, 0, 1, 23, 77
"c:\Users\bibindon\source\repos\bibindon\RedfortressRender\Render\AnimMeshAlloc.cpp", "C++", 0, 131, 0, 0, 1, 35, 167
"c:\Users\bibindon\source\repos\bibindon\RedfortressRender\Render\AnimMeshAlloc.h", "C++", 0, 35, 0, 0, 0, 14, 49
"c:\Users\bibindon\source\repos\bibindon\RedfortressRender\Render\Camera.cpp", "C++", 0, 111, 0, 0, 3, 23, 137
"c:\Users\bibindon\source\repos\bibindon\RedfortressRender\Render\Camera.h", "C++", 0, 43, 0, 0, 0, 19, 62
"c:\Users\bibindon\source\repos\bibindon\RedfortressRender\Render\Common.cpp", "C++", 0, 135, 0, 0, 0, 36, 171
"c:\Users\bibindon\source\repos\bibindon\RedfortressRender\Render\Common.h", "C++", 0, 107, 0, 0, 0, 31, 138
"c:\Users\bibindon\source\repos\bibindon\RedfortressRender\Render\Font.cpp", "C++", 0, 129, 0, 0, 8, 44, 181
"c:\Users\bibindon\source\repos\bibindon\RedfortressRender\Render\Font.h", "C++", 0, 45, 0, 0, 14, 17, 76
"c:\Users\bibindon\source\repos\bibindon\RedfortressRender\Render\Light.cpp", "C++", 0, 51, 0, 0, 0, 17, 68
"c:\Users\bibindon\source\repos\bibindon\RedfortressRender\Render\Light.h", "C++", 0, 32, 0, 0, 3, 17, 52
"c:\Users\bibindon\source\repos\bibindon\RedfortressRender\Render\Mesh.cpp", "C++", 0, 247, 0, 0, 166, 78, 491
"c:\Users\bibindon\source\repos\bibindon\RedfortressRender\Render\Mesh.h", "C++", 0, 54, 0, 0, 7, 20, 81
"c:\Users\bibindon\source\repos\bibindon\RedfortressRender\Render\MeshHierarchy.cpp", "C++", 0, 1, 0, 0, 0, 1, 2
"c:\Users\bibindon\source\repos\bibindon\RedfortressRender\Render\MeshHierarchy.h", "C++", 0, 7, 0, 0, 5, 5, 17
"c:\Users\bibindon\source\repos\bibindon\RedfortressRender\Render\MeshInstancing.cpp", "C++", 0, 170, 0, 0, 16, 65, 251
"c:\Users\bibindon\source\repos\bibindon\RedfortressRender\Render\MeshInstancing.h", "C++", 0, 36, 0, 0, 4, 28, 68
"c:\Users\bibindon\source\repos\bibindon\RedfortressRender\Render\MeshMix.cpp", "C++", 0, 308, 0, 0, 88, 105, 501
"c:\Users\bibindon\source\repos\bibindon\RedfortressRender\Render\MeshMix.h", "C++", 0, 91, 0, 0, 114, 76, 281
"c:\Users\bibindon\source\repos\bibindon\RedfortressRender\Render\MeshNormalMapping.cpp", "C++", 0, 178, 0, 0, 13, 55, 246
"c:\Users\bibindon\source\repos\bibindon\RedfortressRender\Render\MeshNormalMapping.h", "C++", 0, 33, 0, 0, 3, 26, 62
"c:\Users\bibindon\source\repos\bibindon\RedfortressRender\Render\MeshPOM.cpp", "C++", 0, 149, 0, 0, 3, 44, 196
"c:\Users\bibindon\source\repos\bibindon\RedfortressRender\Render\MeshPOM.h", "C++", 0, 32, 0, 0, 4, 24, 60
"c:\Users\bibindon\source\repos\bibindon\RedfortressRender\Render\MeshPointLight.cpp", "C++", 0, 155, 0, 0, 7, 53, 215
"c:\Users\bibindon\source\repos\bibindon\RedfortressRender\Render\MeshPointLight.h", "C++", 0, 37, 0, 0, 2, 28, 67
"c:\Users\bibindon\source\repos\bibindon\RedfortressRender\Render\MeshSSS.cpp", "C++", 0, 323, 0, 0, 41, 98, 462
"c:\Users\bibindon\source\repos\bibindon\RedfortressRender\Render\MeshSSS.h", "C++", 0, 57, 0, 0, 8, 23, 88
"c:\Users\bibindon\source\repos\bibindon\RedfortressRender\Render\MeshSSSLike.cpp", "C++", 0, 137, 0, 0, 2, 49, 188
"c:\Users\bibindon\source\repos\bibindon\RedfortressRender\Render\MeshSSSLike.h", "C++", 0, 30, 0, 0, 3, 22, 55
"c:\Users\bibindon\source\repos\bibindon\RedfortressRender\Render\MeshSmooth.cpp", "C++", 0, 137, 0, 0, 2, 49, 188
"c:\Users\bibindon\source\repos\bibindon\RedfortressRender\Render\MeshSmooth.h", "C++", 0, 30, 0, 0, 2, 23, 55
"c:\Users\bibindon\source\repos\bibindon\RedfortressRender\Render\PostEffectBloom.cpp", "C++", 0, 176, 0, 0, 14, 46, 236
"c:\Users\bibindon\source\repos\bibindon\RedfortressRender\Render\PostEffectBloom.h", "C++", 0, 41, 0, 0, 7, 20, 68
"c:\Users\bibindon\source\repos\bibindon\RedfortressRender\Render\PostEffectEnd.cpp", "C++", 0, 74, 0, 0, 3, 22, 99
"c:\Users\bibindon\source\repos\bibindon\RedfortressRender\Render\PostEffectEnd.h", "C++", 0, 27, 0, 0, 0, 16, 43
"c:\Users\bibindon\source\repos\bibindon\RedfortressRender\Render\PostEffectGauss.cpp", "C++", 0, 115, 0, 0, 0, 31, 146
"c:\Users\bibindon\source\repos\bibindon\RedfortressRender\Render\PostEffectGauss.h", "C++", 0, 30, 0, 0, 2, 19, 51
"c:\Users\bibindon\source\repos\bibindon\RedfortressRender\Render\PostEffectSaturate.cpp", "C++", 0, 107, 0, 0, 0, 31, 138
"c:\Users\bibindon\source\repos\bibindon\RedfortressRender\Render\PostEffectSaturate.h", "C++", 0, 33, 0, 0, 0, 20, 53
"c:\Users\bibindon\source\repos\bibindon\RedfortressRender\Render\PostEffectStarBurst.cpp", "C++", 0, 209, 0, 0, 9, 49, 267
"c:\Users\bibindon\source\repos\bibindon\RedfortressRender\Render\PostEffectStarBurst.h", "C++", 0, 44, 0, 0, 7, 21, 72
"c:\Users\bibindon\source\repos\bibindon\RedfortressRender\Render\PtrManager.cpp", "C++", 0, 94, 0, 0, 0, 25, 119
"c:\Users\bibindon\source\repos\bibindon\RedfortressRender\Render\PtrManager.h", "C++", 0, 57, 0, 0, 5, 33, 95
"c:\Users\bibindon\source\repos\bibindon\RedfortressRender\Render\Render.cpp", "C++", 0, 721, 0, 0, 59, 190, 970
"c:\Users\bibindon\source\repos\bibindon\RedfortressRender\Render\Render.h", "C++", 0, 174, 0, 0, 23, 69, 266
"c:\Users\bibindon\source\repos\bibindon\RedfortressRender\Render\Render.vcxproj", "XML", 0, 0, 363, 0, 0, 0, 363
"c:\Users\bibindon\source\repos\bibindon\RedfortressRender\Render\SkinAnimMesh.cpp", "C++", 0, 249, 0, 0, 1, 66, 316
"c:\Users\bibindon\source\repos\bibindon\RedfortressRender\Render\SkinAnimMesh.h", "C++", 0, 46, 0, 0, 0, 21, 67
"c:\Users\bibindon\source\repos\bibindon\RedfortressRender\Render\SkinAnimMeshAlloc.cpp", "C++", 0, 163, 0, 0, 6, 52, 221
"c:\Users\bibindon\source\repos\bibindon\RedfortressRender\Render\SkinAnimMeshAlloc.h", "C++", 0, 48, 0, 0, 0, 18, 66
"c:\Users\bibindon\source\repos\bibindon\RedfortressRender\Render\Sprite.cpp", "C++", 0, 72, 0, 0, 8, 25, 105
"c:\Users\bibindon\source\repos\bibindon\RedfortressRender\Render\Sprite.h", "C++", 0, 30, 0, 0, 9, 16, 55
"c:\Users\bibindon\source\repos\bibindon\RedfortressRender\Render\Util.cpp", "C++", 0, 36, 0, 0, 0, 13, 49
"c:\Users\bibindon\source\repos\bibindon\RedfortressRender\Render\Util.h", "C++", 0, 21, 0, 0, 3, 11, 35
"c:\Users\bibindon\source\repos\bibindon\RedfortressRender\Render\WindowManager.cpp", "C++", 0, 229, 0, 0, 8, 63, 300
"c:\Users\bibindon\source\repos\bibindon\RedfortressRender\Render\WindowManager.h", "C++", 0, 36, 0, 0, 0, 21, 57
"c:\Users\bibindon\source\repos\bibindon\RedfortressRender\Render\shader\AnimMeshShader.fx", "HLSL", 0, 0, 0, 53, 21, 20, 94
"c:\Users\bibindon\source\repos\bibindon\RedfortressRender\Render\shader\Common.fx", "HLSL", 0, 0, 0, 5, 0, 2, 7
"c:\Users\bibindon\source\repos\bibindon\RedfortressRender\Render\shader\GBuffer.fx", "HLSL", 0, 0, 0, 51, 5, 17, 73
"c:\Users\bibindon\source\repos\bibindon\RedfortressRender\Render\shader\MeshInstancing.fx", "HLSL", 0, 0, 0, 42, 0, 9, 51
"c:\Users\bibindon\source\repos\bibindon\RedfortressRender\Render\shader\MeshMix.fx", "HLSL", 0, 0, 0, 398, 98, 134, 630
"c:\Users\bibindon\source\repos\bibindon\RedfortressRender\Render\shader\MeshNormalMapping.fx", "HLSL", 0, 0, 0, 76, 5, 18, 99
"c:\Users\bibindon\source\repos\bibindon\RedfortressRender\Render\shader\MeshPOM.fx", "HLSL", 0, 0, 0, 156, 37, 52, 245
"c:\Users\bibindon\source\repos\bibindon\RedfortressRender\Render\shader\MeshPointLight.fx", "HLSL", 0, 0, 0, 77, 7, 19, 103
"c:\Users\bibindon\source\repos\bibindon\RedfortressRender\Render\shader\MeshSSS.fx", "HLSL", 0, 0, 0, 175, 12, 44, 231
"c:\Users\bibindon\source\repos\bibindon\RedfortressRender\Render\shader\MeshSSSLike.fx", "HLSL", 0, 0, 0, 86, 8, 19, 113
"c:\Users\bibindon\source\repos\bibindon\RedfortressRender\Render\shader\MeshShader.fx", "HLSL", 0, 0, 0, 105, 59, 42, 206
"c:\Users\bibindon\source\repos\bibindon\RedfortressRender\Render\shader\MeshSmooth.fx", "HLSL", 0, 0, 0, 61, 6, 15, 82
"c:\Users\bibindon\source\repos\bibindon\RedfortressRender\Render\shader\PostEffectBloom.fx", "HLSL", 0, 0, 0, 91, 14, 23, 128
"c:\Users\bibindon\source\repos\bibindon\RedfortressRender\Render\shader\PostEffectEnd.fx", "HLSL", 0, 0, 0, 39, 2, 5, 46
"c:\Users\bibindon\source\repos\bibindon\RedfortressRender\Render\shader\PostEffectGaussian.fx", "HLSL", 0, 0, 0, 71, 12, 20, 103
"c:\Users\bibindon\source\repos\bibindon\RedfortressRender\Render\shader\PostEffectSSAO.fx", "HLSL", 0, 0, 0, 332, 19, 62, 413
"c:\Users\bibindon\source\repos\bibindon\RedfortressRender\Render\shader\PostEffectSaturate.fx", "HLSL", 0, 0, 0, 38, 5, 13, 56
"c:\Users\bibindon\source\repos\bibindon\RedfortressRender\Render\shader\PostEffectStarBurst.fx", "HLSL", 0, 0, 0, 112, 13, 26, 151
"c:\Users\bibindon\source\repos\bibindon\RedfortressRender\Render\shader\SkinAnimMeshShader.fx", "HLSL", 0, 0, 0, 84, 5, 26, 115
"c:\Users\bibindon\source\repos\bibindon\RedfortressRender\Render\shader\simple.fx", "HLSL", 0, 0, 0, 39, 0, 9, 48
"c:\Users\bibindon\source\repos\bibindon\RedfortressRender\Sample\Sample.vcxproj", "XML", 0, 0, 289, 0, 0, 0, 289
"c:\Users\bibindon\source\repos\bibindon\RedfortressRender\Sample\main.cpp", "C++", 0, 456, 0, 0, 35, 94, 585
"c:\Users\bibindon\source\repos\bibindon\RedfortressRender\Sample\res\shader\AnimMeshShader.fx", "HLSL", 0, 0, 0, 53, 21, 20, 94
"c:\Users\bibindon\source\repos\bibindon\RedfortressRender\Sample\res\shader\AnimationMeshShader.fx", "HLSL", 0, 0, 0, 53, 21, 20, 94
"c:\Users\bibindon\source\repos\bibindon\RedfortressRender\Sample\res\shader\Common.fx", "HLSL", 0, 0, 0, 5, 0, 2, 7
"c:\Users\bibindon\source\repos\bibindon\RedfortressRender\Sample\res\shader\FilterSaturate.fx", "HLSL", 0, 0, 0, 38, 5, 14, 57
"c:\Users\bibindon\source\repos\bibindon\RedfortressRender\Sample\res\shader\GBuffer.fx", "HLSL", 0, 0, 0, 51, 5, 17, 73
"c:\Users\bibindon\source\repos\bibindon\RedfortressRender\Sample\res\shader\MeshInstancing.fx", "HLSL", 0, 0, 0, 42, 0, 9, 51
"c:\Users\bibindon\source\repos\bibindon\RedfortressRender\Sample\res\shader\MeshMix.fx", "HLSL", 0, 0, 0, 398, 98, 134, 630
"c:\Users\bibindon\source\repos\bibindon\RedfortressRender\Sample\res\shader\MeshNormalMapping.fx", "HLSL", 0, 0, 0, 76, 5, 18, 99
"c:\Users\bibindon\source\repos\bibindon\RedfortressRender\Sample\res\shader\MeshPOM.fx", "HLSL", 0, 0, 0, 156, 37, 52, 245
"c:\Users\bibindon\source\repos\bibindon\RedfortressRender\Sample\res\shader\MeshPointLight.fx", "HLSL", 0, 0, 0, 77, 7, 19, 103
"c:\Users\bibindon\source\repos\bibindon\RedfortressRender\Sample\res\shader\MeshSSS.fx", "HLSL", 0, 0, 0, 175, 12, 44, 231
"c:\Users\bibindon\source\repos\bibindon\RedfortressRender\Sample\res\shader\MeshSSSLike.fx", "HLSL", 0, 0, 0, 86, 8, 19, 113
"c:\Users\bibindon\source\repos\bibindon\RedfortressRender\Sample\res\shader\MeshShader.fx", "HLSL", 0, 0, 0, 105, 59, 42, 206
"c:\Users\bibindon\source\repos\bibindon\RedfortressRender\Sample\res\shader\MeshSmooth.fx", "HLSL", 0, 0, 0, 61, 6, 15, 82
"c:\Users\bibindon\source\repos\bibindon\RedfortressRender\Sample\res\shader\PostEffectBloom.fx", "HLSL", 0, 0, 0, 91, 14, 23, 128
"c:\Users\bibindon\source\repos\bibindon\RedfortressRender\Sample\res\shader\PostEffectEnd.fx", "HLSL", 0, 0, 0, 39, 2, 5, 46
"c:\Users\bibindon\source\repos\bibindon\RedfortressRender\Sample\res\shader\PostEffectGaussian.fx", "HLSL", 0, 0, 0, 71, 12, 20, 103
"c:\Users\bibindon\source\repos\bibindon\RedfortressRender\Sample\res\shader\PostEffectSSAO.fx", "HLSL", 0, 0, 0, 332, 19, 62, 413
"c:\Users\bibindon\source\repos\bibindon\RedfortressRender\Sample\res\shader\PostEffectSaturate.fx", "HLSL", 0, 0, 0, 38, 5, 13, 56
"c:\Users\bibindon\source\repos\bibindon\RedfortressRender\Sample\res\shader\PostEffectStarBurst.fx", "HLSL", 0, 0, 0, 112, 13, 26, 151
"c:\Users\bibindon\source\repos\bibindon\RedfortressRender\Sample\res\shader\SkinAnimMeshShader.fx", "HLSL", 0, 0, 0, 84, 5, 26, 115
"c:\Users\bibindon\source\repos\bibindon\RedfortressRender\Sample\res\shader\simple.fx", "HLSL", 0, 0, 0, 39, 0, 9, 48
"c:\Users\bibindon\source\repos\bibindon\RedfortressRender\Sample\simple.fx", "HLSL", 0, 0, 0, 38, 0, 9, 47
"c:\Users\bibindon\source\repos\bibindon\RedfortressRender\UnitTest1\UnitTest1.cpp", "C++", 0, 13, 0, 0, 0, 4, 17
"c:\Users\bibindon\source\repos\bibindon\RedfortressRender\UnitTest1\UnitTest1.vcxproj", "XML", 0, 0, 173, 0, 0, 0, 173
"c:\Users\bibindon\source\repos\bibindon\RedfortressRender\UnitTest1\pch.cpp", "C++", 0, 1, 0, 0, 2, 3, 6
"c:\Users\bibindon\source\repos\bibindon\RedfortressRender\UnitTest1\pch.h", "C++", 0, 3, 0, 0, 6, 4, 13
"Total", "-", 21, 6717, 954, 4311, 1436, 3441, 16880