-24.14,0,-24.04,47.84,1.04
-23.3,0,-24.19,286.71,0.99
-22.54,0,-23.88,338.74,1.21
-21.47,0,-23.93,60.18,1.1
-20.79,0,-24.09,242.25,0.89
-20.01,0,-23.82,254.99,1.16
-19.4,0,-24.13,266.08,1.11
-18.45,0,-23.81,262.22,1.08
-17.66,0,-23.89,263.67,1
-16.84,0,-24.17,138.45,0.99
-16,0,-24.2,165.95,0.99
-15.05,0,-24.08,45.53,1.07
-14.57,0,-23.84,117.71,1.04
-13.74,0,-23.85,175.1,0.96
-12.71,0,-24.07,159.29,0.9
-12.08,0,-24.16,338.64,0.95
-11.39,0,-24.06,223.94,0.9
-10.21,0,-23.86,86.56,1.03
-9.43,0,-24.06,193.01,1.04
-8.81,0,-24.05,339.58,1.12
-8.18,0,-24.14,202.64,1.05
-7.15,0,-24.11,155.22,1.05
-6.5,0,-24,229.26,0.91
-5.54,0,-24.07,0.63,1
-4.98,0,-24.11,94.24,1.05
-3.92,0,-24.18,225.5,0.98
-3.14,0,-23.84,210.55,1.15
-2.48,0,-24.2,272.09,0.99
-1.65,0,-23.9,354.72,0.93
-0.77,0,-24.02,210.21,1.16
0.18,0,-24.16,281.42,1.03
0.67,0,-24.14,287.66,1.07
1.54,0,-24.14,135.83,0.96
2.24,0,-24.03,7.56,0.88
3.22,0,-24.09,307.84,1.13
4.07,0,-23.94,69.31,0.96
4.9,0,-24.08,251.84,1.19
5.53,0,-23.85,288.46,1.1
6.47,0,-24.02,212.7,1.08
7.11,0,-24.13,33.43,1.04
7.83,0,-24.2,160,0.93
8.86,0,-23.99,69.26,1.2
9.69,0,-23.8,217.25,0.98
10.44,0,-23.86,54,0.98
11.38,0,-23.98,249.48,1.18
11.98,0,-23.84,83.5,1.05
12.74,0,-23.9,200.84,1.11
13.74,0,-24.02,254.94,1
14.27,0,-24.05,236.85,1.1
15.07,0,-24.19,214.02,0.95
15.84,0,-23.89,73.62,1
16.7,0,-23.99,15.25,1.16
17.52,0,-24.08,233.8,1.14
18.4,0,-24.12,5.27,0.95
19.32,0,-23.81,278.42,1.19
20.2,0,-23.99,39.72,0.97
20.71,0,-24.11,33.78,0.95
21.47,0,-24,37.22,1.18
22.59,0,-24.01,267.43,1.12
23.28,0,-23.84,88.72,1.17
24.08,0,-23.9,135.48,1.06
-23.88,0,-23.01,310.94,1.21
-23.26,0,-23.22,312.31,0.96
-22.49,0,-23.12,86.8,1.09
-21.54,0,-23.01,28.01,0.88
-20.83,0,-23.06,231.15,1.15
-20.13,0,-23.08,292.05,0.89
-19.21,0,-23.28,186.73,1.19
-18.32,0,-23.02,74.42,0.96
-17.75,0,-23.17,167.34,0.99
-16.85,0,-23.36,305.99,1.13
-15.94,0,-23.05,215.08,0.97
-15.31,0,-23.35,25.92,1.13
-14.27,0,-23.31,153.29,1.18
-13.77,0,-23.17,123.22,0.89
-12.95,0,-23.05,174.5,0.9
-11.82,0,-23.01,195.44,1
-11.21,0,-22.99,169.16,0.9
-10.41,0,-23.09,224.03,0.98
-9.4,0,-23.02,59.35,0.99
-8.94,0,-23.18,280.34,1
-8.11,0,-23.08,37.62,1.04
-7.2,0,-23.27,54.16,1.07
-6.51,0,-23.22,65.07,1.06
-5.54,0,-23.08,282.67,1.11
-4.88,0,-23.31,278.94,0.96
-3.93,0,-23.41,94.07,0.9
-3.15,0,-23.36,321.56,0.94
-2.44,0,-23.41,304.08,1.08
-1.78,0,-23.35,298.89,0.93
-0.65,0,-23.37,308.45,0.93
0.15,0,-23.03,302.19,0.89
0.83,0,-23.37,234.92,0.94
1.45,0,-23.2,5.97,1.2
2.52,0,-23.18,246.56,0.96
3.21,0,-23.38,302.21,1
3.98,0,-23,53.75,0.96
4.84,0,-23.16,167.39,1.05
5.79,0,-23.15,292,0.96
6.35,0,-23.15,139.46,1.14
7.06,0,-23.31,169.55,1.06
7.99,0,-23.11,14.87,1.19
9.01,0,-23.03,290.19,1.06
9.58,0,-23.16,230.72,1.15
10.29,0,-23.2,253.46,1.18
11.31,0,-23.15,157.36,1.21
12.05,0,-23.35,83.13,1.05
12.88,0,-23.08,197.11,0.93
13.45,0,-23.02,22.73,0.98
14.44,0,-23.28,320.58,1.13
15.38,0,-23.31,83.33,1.11
16.12,0,-23.02,19.73,1
17,0,-23.41,355.86,1.19
17.78,0,-23.19,358.93,1.07
18.52,0,-23.2,327.06,0.99
19.19,0,-23.19,84.45,0.95
19.94,0,-23.14,134.32,1.06
20.82,0,-23.26,75.84,1.2
21.64,0,-23,337.21,1.06
22.35,0,-23.1,69.18,1.11
23.03,0,-23.04,187.82,1.11
24.12,0,-23.14,81.63,1.1
-23.82,0,-22.39,181.09,0.91
-23.24,0,-22.38,95.56,1.02
-22.19,0,-22.6,116.78,0.93
-21.57,0,-22.39,293.72,1.1
-20.67,0,-22.59,107.51,1.21
-19.97,0,-22.41,57.86,0.89
-19.28,0,-22.52,86.51,1.08
-18.6,0,-22.37,148.86,1.12
-17.63,0,-22.3,212.39,0.89
-16.65,0,-22.56,193.31,0.89
-15.92,0,-22.38,191.07,1
-15.23,0,-22.59,43.66,1.07
-14.59,0,-22.24,313.48,1.13
-13.66,0,-22.5,22.05,1.04
-12.86,0,-22.42,287.61,0.94
-12.08,0,-22.33,139.61,1.03
-11.15,0,-22.35,254.11,1.16
-10.21,0,-22.28,284.64,1.11
-9.59,0,-22.5,93.11,0.89
-8.62,0,-22.27,221.09,0.96
-8.17,0,-22.32,193.76,0.92
-7.12,0,-22.33,130.08,0.93
-6.33,0,-22.56,240.35,1.01
-5.68,0,-22.46,259.42,0.89
-4.95,0,-22.57,270.72,1.16
-4.06,0,-22.49,221.86,0.97
-3.37,0,-22.53,82.08,0.91
-2.61,0,-22.6,188.52,1.07
-1.45,0,-22.38,26.98,1.1
-0.96,0,-22.5,267.06,1.2
-0.1,0,-22.38,57,1.16
0.64,0,-22.44,134.68,0.93
1.62,0,-22.52,322.04,1.17
2.21,0,-22.27,319.4,1.16
3.02,0,-22.5,11.77,1.05
3.98,0,-22.5,54.31,1.1
4.84,0,-22.56,191.75,1.14
5.51,0,-22.58,325.01,1.18
6.34,0,-22.27,202.89,1.15
7.05,0,-22.27,51.07,1.11
8.13,0,-22.58,199.4,1.15
8.64,0,-22.32,183.86,0.9
9.67,0,-22.5,205.89,1.17
10.29,0,-22.51,178.76,1.21
11.16,0,-22.4,76.13,0.88
12.16,0,-22.35,312.93,1.03
12.73,0,-22.61,175.29,0.96
13.49,0,-22.58,244.37,0.97
14.24,0,-22.46,252.27,1.01
15.29,0,-22.46,190.58,1.19
16.04,0,-22.41,30.07,0.89
16.8,0,-22.59,237.66,0.92
17.52,0,-22.37,148.27,1.09
18.44,0,-22.56,291.69,0.94
19.08,0,-22.57,165.46,0.92
19.87,0,-22.49,292.42,1.08
20.84,0,-22.48,262.32,1.18
21.61,0,-22.56,95.84,0.89
22.6,0,-22.49,149.32,1.01
23.21,0,-22.25,339.77,0.97
23.94,0,-22.46,330.43,1.1
-23.93,0,-21.79,242.8,0.88
-23.18,0,-21.6,59.4,1.09
-22.23,0,-21.64,261.84,0.99
-21.53,0,-21.6,157.13,0.95
-20.88,0,-21.48,212.69,0.94
-20.08,0,-21.65,234.79,0.98
-19.11,0,-21.63,235.5,1
-18.54,0,-21.73,277.44,1.16
-17.66,0,-21.74,332.24,1.06
-16.74,0,-21.5,124.17,0.89
-15.81,0,-21.54,42.76,1.07
-15.17,0,-21.77,259.56,0.89
-14.44,0,-21.5,346.64,1.07
-13.49,0,-21.5,121.82,0.98
-12.84,0,-21.65,104.25,0.92
-11.85,0,-21.47,166.14,1.13
-11.14,0,-21.43,347.01,1.05
-10.37,0,-21.43,205.32,1.08
-9.63,0,-21.57,81.56,1.11
-8.9,0,-21.77,265.73,1.09
-7.92,0,-21.55,340.27,1.02
-7.32,0,-21.72,20.45,1.09
-6.27,0,-21.54,48.49,0.97
-5.63,0,-21.71,58.9,0.93
-4.93,0,-21.65,331.92,1.11
-4.16,0,-21.72,170.6,1.05
-3.34,0,-21.65,48.07,0.95
-2.4,0,-21.53,6.4,0.99
-1.54,0,-21.53,151.71,0.96
-0.65,0,-21.79,183.45,1.03
0.14,0,-21.67,249.89,1.2
0.91,0,-21.68,54.92,0.95
1.56,0,-21.78,172.05,1.18
2.26,0,-21.78,177.37,1.05
3.05,0,-21.63,88.16,1.17
3.82,0,-21.45,45.88,0.93
4.85,0,-21.46,224.31,1.14
5.73,0,-21.42,104.55,0.93
6.56,0,-21.61,296.97,1.15
7.21,0,-21.58,266.6,1.17
7.88,0,-21.42,286.85,1.03
8.67,0,-21.75,51.61,1.07
9.46,0,-21.42,39.22,1.03
10.53,0,-21.53,132.77,1.22
11.08,0,-21.58,111.14,1.2
12.08,0,-21.65,144.82,1.05
12.92,0,-21.67,357.48,1.11
13.49,0,-21.52,351.4,1.08
14.48,0,-21.65,224.49,0.93
15.01,0,-21.52,343.12,1.04
16.08,0,-21.78,213.03,1.18
16.93,0,-21.45,122.3,0.95
17.44,0,-21.46,211.48,1.21
18.29,0,-21.48,61.39,1.16
19.21,0,-21.68,233.01,1.17
19.85,0,-21.62,113.39,1.04
20.99,0,-21.59,263.04,1.02
21.41,0,-21.72,334.86,1.05
22.44,0,-21.46,94.46,1.09
23.32,0,-21.59,244.91,1.19
24.21,0,-21.48,204.58,1.02
-24.16,0,-21.01,128.99,1.19
-23.32,0,-20.68,223.09,1.13
-22.59,0,-20.97,118.18,0.96
-21.5,0,-20.96,330.24,0.98
-20.95,0,-20.62,63.04,1.18
-19.83,0,-20.98,134.19,1.02
-19.19,0,-20.78,15.64,1.22
-18.35,0,-20.7,310.04,1.01
-17.44,0,-20.63,131.88,1.2
-16.94,0,-20.66,71.96,0.97
-15.96,0,-20.93,164.97,1.05
-15.2,0,-20.99,317.89,1.11
-14.35,0,-20.85,282.85,0.9
-13.56,0,-20.72,180.7,0.89
-12.74,0,-20.61,131.18,1.11
-11.9,0,-20.75,43.66,0.99
-11.31,0,-20.61,118.45,1.17
-10.3,0,-20.6,48.86,0.98
-9.51,0,-20.62,102.19,1.13
-8.75,0,-20.64,324.9,1.05
-7.93,0,-20.86,137.86,0.96
-7.01,0,-20.68,278.04,0.95
-6.44,0,-20.87,111.36,0.95
-5.61,0,-20.79,183.72,1.21
-4.98,0,-20.95,95.2,1.07
-3.91,0,-20.99,335.09,1.1
-3.3,0,-20.81,125.39,1.11
-2.44,0,-20.68,148.36,1.14
-1.79,0,-20.64,5,1.01
-0.91,0,-20.64,136.48,1.03
-0.13,0,-20.96,157.32,1.02
0.87,0,-20.62,300.27,0.95
1.56,0,-20.88,239.95,1.04
2.45,0,-20.86,281.08,1.09
3.17,0,-20.7,355.93,1.04
3.97,0,-20.97,294.57,1.09
4.98,0,-20.78,54.87,1.08
5.61,0,-20.95,265.9,0.94
6.51,0,-20.67,131.47,1.08
7.24,0,-20.79,352.38,0.99
8.06,0,-20.95,97.13,0.91
8.64,0,-20.62,55.02,1.12
9.43,0,-20.84,340.23,1.05
10.56,0,-20.62,1.76,0.91
11.12,0,-20.67,177.27,0.92
12.12,0,-20.91,246.57,0.97
12.83,0,-20.81,261.72,1.15
13.81,0,-20.93,3.75,1.19
14.51,0,-20.73,290.98,0.98
15.34,0,-20.7,186.81,1.22
15.96,0,-20.82,182.05,0.92
16.67,0,-20.91,103.22,1.16
17.73,0,-20.89,107.61,1.15
18.2,0,-20.65,194.3,1.02
19.19,0,-20.59,189.76,1.09
19.87,0,-20.86,254.3,1.19
20.75,0,-21,265.05,0.96
21.44,0,-20.71,96.54,1.07
22.31,0,-20.8,259.65,0.99
23.3,0,-20.77,33.52,0.99
23.87,0,-20.64,351.51,1.12
-23.84,0,-20.12,321.46,1.19
-23.36,0,-20.04,296.63,1.16
-22.53,0,-19.83,285.39,0.89
-21.5,0,-19.96,262.13,0.93
-20.8,0,-20.18,260.73,0.91
-20.21,0,-19.9,182.29,1.06
-19.35,0,-20.12,244.79,1.18
-18.23,0,-20.13,151.43,0.99
-17.65,0,-19.79,7.5,0.94
-16.95,0,-19.86,33.69,1.12
-15.84,0,-20.03,133.78,1.01
-15.11,0,-19.92,206.52,0.93
-14.26,0,-19.82,296.31,0.93
-13.74,0,-19.84,254.96,0.93
-12.71,0,-20.06,272.63,1.19
-11.91,0,-19.82,336.34,1.22
-11.21,0,-20.01,232.53,1.14
-10.37,0,-19.98,8.48,1.11
-9.4,0,-20.21,74.83,1.07
-8.86,0,-20.16,295.07,1.03
-7.94,0,-19.98,19.61,1.21
-7.25,0,-20.09,51.95,1.05
-6.49,0,-19.85,167.8,1.14
-5.78,0,-20.13,0.08,1.21
-4.8,0,-20.05,329.73,0.96
-4.19,0,-19.87,199.47,0.98
-3.03,0,-20.14,60.15,0.93
-2.33,0,-20.15,288.45,1.08
-1.58,0,-20.08,97.45,0.94
-0.64,0,-19.8,223.12,0.95
-0.07,0,-20.15,171.04,1.12
0.63,0,-20.1,211.32,1.15
1.39,0,-20.11,24.47,1.21
2.27,0,-19.96,147.31,1.16
3.41,0,-19.89,18.55,0.96
3.84,0,-19.8,302.01,0.93
4.62,0,-19.84,79.14,1.14
5.77,0,-19.86,32.36,1.06
6.51,0,-19.91,318.9,1.19
7.13,0,-19.86,71.37,1.1
8.03,0,-20.05,54.16,1.02
8.62,0,-19.87,142.6,1.2
9.77,0,-20.02,63.28,0.92
10.58,0,-20.04,27.71,1
11.12,0,-20.07,235.15,0.95
11.81,0,-19.87,316.84,0.94
12.65,0,-19.98,82.41,1.04
13.69,0,-20,175.34,0.93
14.43,0,-20.04,234.52,1.13
15.34,0,-20.04,27.06,0.96
15.99,0,-20.1,316.62,1.04
16.87,0,-19.8,219.8,1
17.66,0,-19.99,218.72,0.88
18.27,0,-19.8,222.81,1.14
19.2,0,-19.8,97.31,1.06
20.04,0,-19.82,87.02,1.01
20.99,0,-20.2,193.12,1.06
21.7,0,-20.07,185.81,1.18
22.3,0,-20.04,266.4,1.14
23.38,0,-20.04,187.51,0.94
24.18,0,-19.84,298.67,0.94
-23.83,0,-19.21,348.74,1.08
-23.08,0,-19.03,87.03,1.17
-22.55,0,-19.18,235.39,1.07
-21.8,0,-19.21,183.52,1.1
-20.82,0,-19.37,219.02,0.98
-20.2,0,-19.11,272.01,1.14
-19.31,0,-19.05,296.97,0.91
-18.42,0,-19.37,218.12,1.12
-17.77,0,-19.38,178.82,1.04
-16.99,0,-19.01,268.62,1.17
-16.17,0,-19.14,266.76,1.12
-15.09,0,-19.33,267.07,1.03
-14.23,0,-19.04,260.24,1.17
-13.7,0,-19.19,56.93,0.94
-12.71,0,-19.33,124.32,1.2
-12.18,0,-19.34,147.05,0.89
-11.02,0,-19.02,167.03,1.21
-10.19,0,-19.4,209.3,1.05
-9.67,0,-19.09,76.1,1
-8.6,0,-19.39,7.24,0.9
-8.16,0,-19.25,64.51,1.07
-7.25,0,-19.09,162.33,1.07
-6.23,0,-19.27,273.04,1.17
-5.56,0,-19.07,282.37,1.2
-4.91,0,-19.12,279.22,1.16
-3.91,0,-19.08,163.76,1.18
-3.28,0,-19.32,179.68,1.05
-2.48,0,-19.08,68.64,1.11
-1.74,0,-19.29,294.42,1.11
-0.6,0,-19.06,240.13,0.94
-0.01,0,-19.03,19.09,1.11
0.7,0,-19.11,322.12,1.06
1.8,0,-19.3,42.23,0.98
2.3,0,-19.33,121.19,0.99
3.38,0,-19.28,93.98,0.93
3.9,0,-19.01,93.09,0.92
4.65,0,-19.38,247.39,0.99
5.39,0,-19.37,345.08,1.02
6.2,0,-19.16,119.23,1.16
7.3,0,-19.08,216.82,1.08
7.93,0,-19,194.11,0.89
8.87,0,-19.03,147.63,1.21
9.79,0,-19.2,275.36,1.11
10.43,0,-19.19,325.32,1.07
11.26,0,-19.02,191.87,0.94
11.8,0,-19.17,187.12,1.18
12.72,0,-19.11,91.68,1.11
13.76,0,-19.2,215.78,0.93
14.49,0,-19.13,296.26,0.98
15.16,0,-19.32,156.73,0.96
16.07,0,-19.11,131.2,1.05
16.73,0,-19.29,296.26,1.06
17.68,0,-19.08,68.35,1.15
18.3,0,-19.24,197.85,1.14
19.18,0,-19.13,259.92,1.21
20.06,0,-19.1,35.91,1.03
20.96,0,-19.15,349.6,1.19
21.68,0,-19.15,51.91,1.02
22.4,0,-19.28,187.4,0.99
23.08,0,-19.41,196.51,0.89
24.16,0,-19.1,346.08,0.91
-24.08,0,-18.27,317.02,0.98
-23.36,0,-18.58,299.22,1.13
-22.4,0,-18.41,207.49,1.19
-21.55,0,-18.22,223.39,1.12
-20.88,0,-18.22,296.66,0.91
-19.94,0,-18.28,101.95,1.2
-19.04,0,-18.51,192.98,1.03
-18.56,0,-18.32,26.54,1.19
-17.48,0,-18.6,43.16,0.91
-16.7,0,-18.32,279.44,1.09
-15.88,0,-18.44,329.44,0.89
-15.1,0,-18.36,252.32,0.98
-14.45,0,-18.26,258.15,1.21
-13.43,0,-18.24,160.02,1.07
-12.79,0,-18.22,144.38,1.18
-11.98,0,-18.45,223.55,1.15
-11.24,0,-18.33,49.35,1.08
-10.27,0,-18.38,343.1,1.1
-9.75,0,-18.52,109.27,0.96
-8.65,0,-18.51,79.59,0.98
-7.99,0,-18.51,22.22,0.97
-7,0,-18.57,358.97,1.19
-6.37,0,-18.37,198.48,1.16
-5.69,0,-18.24,29.84,1.02
-4.68,0,-18.57,228.99,0.9
-4.02,0,-18.57,175.27,1.17
-3.04,0,-18.58,298.23,1.12
-2.37,0,-18.52,246.75,0.97
-1.51,0,-18.56,131.32,0.98
-0.88,0,-18.46,300.11,0.98
0.07,0,-18.52,11.88,0.96
1.01,0,-18.55,128.05,0.97
1.44,0,-18.23,162.16,1.14
2.45,0,-18.54,299.86,1.03
3.31,0,-18.52,137.24,1.18
3.91,0,-18.49,122.62,1
4.96,0,-18.5,38.96,0.94
5.61,0,-18.28,29.49,1.03
6.3,0,-18.47,143.17,0.96
7.02,0,-18.5,308.57,1.14
8.1,0,-18.37,211.75,1.11
8.91,0,-18.22,239.43,1.07
9.51,0,-18.22,191.71,0.92
10.6,0,-18.21,7.58,1.01
11.36,0,-18.33,122.65,1.12
11.8,0,-18.53,268.8,0.99
12.93,0,-18.6,172.67,0.97
13.71,0,-18.36,132.31,1.05
14.34,0,-18.35,59.03,1.12
15.28,0,-18.33,216.6,1.21
16.05,0,-18.38,322.46,1.08
16.7,0,-18.2,169.11,0.99
17.52,0,-18.6,125.98,1.01
18.57,0,-18.55,262.45,1.06
19.33,0,-18.5,305.77,1.13
19.98,0,-18.45,286.04,1.11
20.83,0,-18.6,269,1
21.72,0,-18.48,245.27,0.95
22.22,0,-18.45,39.34,1.04
23.11,0,-18.54,25.44,1.17
24.02,0,-18.55,342.93,1.13
-24.11,0,-17.4,210.46,0.95
-23.03,0,-17.55,319.91,1.03
-22.26,0,-17.45,181.37,0.95
-21.49,0,-17.72,6.93,0.96
-20.91,0,-17.76,199.02,0.88
-20.07,0,-17.75,115.84,1.06
-19.4,0,-17.7,91.01,1.1
-18.53,0,-17.81,72.36,0.98
-17.63,0,-17.79,154.28,1.08
-16.82,0,-17.59,160.52,0.93
-16.03,0,-17.71,140.91,0.95
-15.04,0,-17.43,256.19,0.9
-14.55,0,-17.46,220.76,1.02
-13.56,0,-17.41,145.71,0.92
-12.74,0,-17.79,67.19,1.1
-12.06,0,-17.71,91.16,1.16
-11.13,0,-17.73,279.04,1.12
-10.28,0,-17.63,281.26,1.12
-9.52,0,-17.64,209.69,0.91
-8.7,0,-17.76,234.74,0.93
-7.98,0,-17.73,184.59,1
-7.24,0,-17.48,255.1,1.05
-6.34,0,-17.68,337.14,1.01
-5.67,0,-17.47,283.54,0.95
-4.6,0,-17.57,201.07,1.11
-4.16,0,-17.81,100.82,1.12
-3.38,0,-17.43,264.3,0.95
-2.46,0,-17.68,131.99,1.07
-1.64,0,-17.79,33.78,0.94
-0.71,0,-17.43,152.05,1.18
0,0,-17.69,20.95,1.04
0.8,0,-17.65,128.52,1.18
1.65,0,-17.65,38.96,0.94
2.42,0,-17.4,6.34,1.06
3.37,0,-17.47,102.05,1.04
3.81,0,-17.6,47.16,1
4.99,0,-17.65,358,0.98
5.69,0,-17.56,170.17,0.91
6.25,0,-17.52,68.36,1.17
7.39,0,-17.47,79.5,1.11
8.02,0,-17.45,212.65,1.21
8.67,0,-17.73,358.74,1.03
9.4,0,-17.58,102.34,1.19
10.45,0,-17.41,295.26,1.21
11.05,0,-17.51,188.4,0.91
11.95,0,-17.78,58.42,0.88
12.98,0,-17.8,5.69,1.17
13.72,0,-17.73,213.88,0.91
14.43,0,-17.55,332.58,0.95
15.38,0,-17.74,49.96,1.14
15.96,0,-17.57,93.87,0.93
16.72,0,-17.58,163.46,0.95
17.75,0,-17.72,247.83,0.96
18.31,0,-17.76,101.66,1.05
19.28,0,-17.57,19.94,0.94
19.87,0,-17.75,233.12,1.17
20.99,0,-17.73,123.42,0.89
21.4,0,-17.55,22.74,1.22
22.43,0,-17.49,254.79,1.16
23.33,0,-17.81,248.75,1
24.03,0,-17.47,357.79,1.07
-24,0,-16.86,292.54,1.04
-23.27,0,-16.83,178.21,0.99
-22.57,0,-16.6,205.64,0.97
-21.42,0,-16.84,72.2,0.92
-20.92,0,-16.83,69.34,0.96
-20.15,0,-16.72,233.37,1.05
-19.24,0,-16.82,248.09,1.12
-18.24,0,-16.72,214.74,1.01
-17.75,0,-16.98,130.32,1.08
-16.85,0,-16.64,248.28,1.08
-16.15,0,-16.7,320.11,1.09
-15.33,0,-16.82,327.13,1.01
-14.27,0,-16.77,56.34,0.93
-13.55,0,-16.69,154.14,1.15
-12.71,0,-16.88,17.45,1.18
-11.9,0,-16.67,159.65,1.02
-11.25,0,-16.93,42.5,1.17
-10.59,0,-16.75,270.85,0.99
-9.5,0,-16.76,38.02,1.02
-8.67,0,-17,112.82,1.21
-7.98,0,-16.89,321.14,0.99
-7.19,0,-16.82,275.33,1.01
-6.34,0,-16.77,315.04,0.91
-5.46,0,-16.67,304.03,0.99
-4.89,0,-16.81,87.11,0.88
-4.07,0,-16.98,125.85,0.95
-3.07,0,-16.66,140.02,0.88
-2.34,0,-17.01,355.31,1.11
-1.4,0,-16.97,116.57,1.03
-0.63,0,-16.96,316.67,1.19
-0.03,0,-16.7,71.06,1.04
0.9,0,-16.73,176.6,1.2
1.71,0,-16.69,47.95,0.99
2.52,0,-16.88,227.54,1.04
3.39,0,-16.72,186.83,1.12
3.82,0,-16.69,265.42,1.1
4.83,0,-16.93,32.18,1.13
5.6,0,-16.84,152.52,0.94
6.44,0,-16.87,207.17,1.08
7.35,0,-16.64,166.34,0.93
7.93,0,-16.82,88.28,1.18
8.96,0,-16.73,319.89,1.11
9.58,0,-16.66,181.59,0.95
10.44,0,-16.94,302.75,1.11
11.41,0,-16.77,323.1,1.06
12.04,0,-16.7,156.34,1
12.74,0,-16.61,264.38,1.04
13.7,0,-17,221.1,0.9
14.29,0,-16.85,130.32,1.09
15.21,0,-16.65,272.8,1.19
15.92,0,-16.84,106.22,1.1
16.96,0,-16.92,206.94,1.02
17.6,0,-16.63,217.63,0.98
18.6,0,-16.62,196.87,1.08
19,0,-16.64,189.61,1.19
20.18,0,-16.83,340.26,1.02
20.69,0,-16.83,351.27,0.95
21.73,0,-16.91,56.84,0.93
22.53,0,-16.6,84.73,0.94
23.18,0,-16.68,170.56,0.93
23.95,0,-16.88,350.41,1.16
-24.03,0,-16.08,35.58,0.99
-23.06,0,-15.89,210.79,1.1
-22.47,0,-15.86,1.16,1.18
-21.61,0,-15.84,153.13,1.04
-20.91,0,-16.06,217.48,0.97
-19.9,0,-16.01,180.55,0.88
-19.12,0,-16.05,54.83,0.96
-18.44,0,-16.05,189.41,1.09
-17.62,0,-16.16,357.13,1.19
-16.87,0,-15.93,133.88,0.9
-15.94,0,-15.99,287.49,1.21
-15,0,-16.06,255.5,1.07
-14.46,0,-16.2,324.13,0.89
-13.51,0,-15.91,29.55,1.21
-12.67,0,-16.17,225.36,1.04
-11.95,0,-16.07,81.75,1.2
-11.28,0,-16.04,153.53,1
-10.24,0,-16,45.73,1.08
-9.39,0,-15.98,221.35,0.96
-8.73,0,-15.98,11.39,0.99
-7.93,0,-15.97,319.83,1.01
-7.2,0,-16,322.44,1.13
-6.6,0,-16.2,40.49,0.96
-5.79,0,-15.83,158.83,0.98
-4.89,0,-15.85,231.72,1.07
-3.82,0,-16.06,248.35,1.17
-3.04,0,-16.07,11.06,0.93
-2.57,0,-15.85,102.39,0.97
-1.78,0,-16.09,290.1,0.89
-0.82,0,-15.86,164,1.16
0,0,-15.92,113.39,1.17
0.76,0,-15.84,193.46,0.91
1.44,0,-16.08,332.76,1.16
2.57,0,-16.02,144.08,0.98
3.36,0,-16.19,181.9,0.94
3.99,0,-15.9,230.17,0.94
4.91,0,-15.85,60.9,1.13
5.43,0,-16.04,306.1,1.04
6.36,0,-15.86,25.87,0.96
7.01,0,-15.86,164.23,1.22
8.12,0,-15.81,17.29,1.15
8.98,0,-16.01,132.92,1.09
9.77,0,-16,50.57,1.02
10.33,0,-16.09,123.41,1.14
11.01,0,-16.15,34.99,1.07
12.09,0,-15.88,356.13,1.12
12.78,0,-16.02,151.53,0.9
13.55,0,-16.14,92.11,0.9
14.43,0,-16,134.62,1.06
15.28,0,-15.85,85.82,0.98
15.99,0,-15.97,304.44,1.08
16.7,0,-16.03,47.9,0.92
17.59,0,-16.08,69.59,1.19
18.5,0,-15.83,98.07,1.22
19.39,0,-16.06,117.38,1.04
19.81,0,-16.08,79.32,1.13
20.69,0,-16.17,299.46,1.16
21.78,0,-15.87,27.15,0.95
22.57,0,-15.87,25.27,0.93
23.39,0,-16.04,154.94,0.89
23.93,0,-16.08,209.41,0.91
-23.8,0,-15.26,109.02,1.11
-23.31,0,-15.25,207.35,1
-22.39,0,-15.09,86.63,0.94
-21.67,0,-15.36,124.3,0.94
-20.76,0,-15.28,67.28,1.11
-20.11,0,-14.99,0.81,1.2
-19.06,0,-15.36,15.11,1.07
-18.22,0,-15.28,52.41,1.13
-17.51,0,-15.35,278.05,1.19
-16.68,0,-15.34,209.39,1.06
-16.11,0,-15.1,241.53,0.93
-15.17,0,-15.03,294.9,1.17
-14.59,0,-15.3,151.62,0.89
-13.76,0,-15.03,304.92,1.21
-12.86,0,-15.25,300.51,0.92
-12.07,0,-15.4,152.57,0.96
-11.15,0,-15.2,164.25,0.95
-10.47,0,-15.22,139.58,1.03
-9.5,0,-15.14,156.67,1.05
-8.87,0,-15.05,130.11,1.2
-8.09,0,-15.33,183.02,1.11
-7.04,0,-15.36,216.21,1.16
-6.49,0,-15.07,197.46,1.02
-5.67,0,-15.22,71.3,0.95
-4.88,0,-15.22,187.01,0.9
-4.03,0,-15.15,182.2,1.08
-3.05,0,-15,101.86,1.04
-2.41,0,-15.26,231.42,1.04
-1.81,0,-15.04,300.09,0.93
-0.8,0,-15.09,124.42,1.05
0.17,0,-15.14,326.3,1.06
0.97,0,-15,44.02,0.97
1.58,0,-15.32,67.46,1.18
2.33,0,-15.28,182.25,1.11
3.28,0,-15.03,287.69,1.19
4.15,0,-15.36,121.24,1.2
4.66,0,-15.38,148.09,1.03
5.65,0,-15.39,255.75,1.07
6.23,0,-15.4,53.61,1.15
7.29,0,-15,253.02,1.19
8.15,0,-15.41,9.9,0.97
8.66,0,-15.09,50.49,1.12
9.55,0,-15.34,160.51,1.09
10.59,0,-15.22,230.52,1.15
11.12,0,-15.01,133.55,1.16
12.02,0,-15.12,235.63,1.01
12.8,0,-15.14,280.67,0.99
13.45,0,-15.11,346.15,1.12
14.28,0,-15.03,18.41,1.17
15.03,0,-15.38,281.98,1.02
16.18,0,-15.11,17.66,1.04
16.85,0,-15.36,212.67,1.1
17.55,0,-15.26,174.06,1.14
18.44,0,-15.05,122.68,0.94
19.14,0,-15.14,271.23,1.06
20.2,0,-15.06,199.59,1.11
20.67,0,-15.11,143.85,0.9
21.55,0,-15.07,250.28,0.96
22.26,0,-15,328.43,1.17
23.26,0,-15.33,280.9,1.02
23.81,0,-15.36,331.93,1.15
-24.11,0,-14.52,42.02,0.99
-23.17,0,-14.24,176.14,1.04
-22.47,0,-14.5,149.31,0.91
-21.75,0,-14.45,95.05,1.18
-20.71,0,-14.39,96.66,1.08
-19.93,0,-14.5,206.22,1.09
-19.01,0,-14.4,188.61,0.93
-18.25,0,-14.46,172.74,1.17
-17.43,0,-14.29,158.39,1.22
-16.75,0,-14.58,179.07,1.05
-16.08,0,-14.51,326.02,1.19
-15.18,0,-14.27,252.8,0.97
-14.22,0,-14.23,248.35,1.05
-13.45,0,-14.47,46.33,1.21
-12.74,0,-14.41,137.31,0.9
-12.06,0,-14.47,217.92,1.21
-11.08,0,-14.38,68.86,1.01
-10.22,0,-14.49,99.75,1.1
-9.8,0,-14.29,101.6,1.03
-8.86,0,-14.34,25.93,0.93
-7.88,0,-14.5,83.31,1.21
-7.13,0,-14.2,3.64,1.08
-6.34,0,-14.42,125.93,0.92
-5.52,0,-14.43,50.33,1.21
-4.75,0,-14.22,51.16,0.88
-3.95,0,-14.48,116.09,1.1
-3.15,0,-14.59,172.25,0.91
-2.59,0,-14.32,226.81,1.21
-1.64,0,-14.51,102.99,0.91
-0.97,0,-14.34,109.18,1.16
0.02,0,-14.35,272.09,1.04
0.98,0,-14.55,346.53,1.09
1.65,0,-14.48,287.42,1.02
2.4,0,-14.58,185.08,1.04
3.38,0,-14.37,123.77,1.09
3.99,0,-14.22,189.82,1.2
4.94,0,-14.46,255,1.03
5.45,0,-14.59,317.52,1.22
6.46,0,-14.47,166.93,0.88
7.22,0,-14.25,261.04,1.04
7.82,0,-14.25,166.07,1.13
8.97,0,-14.52,170.86,1
9.7,0,-14.27,57.75,1.06
10.32,0,-14.32,116.46,1.09
11.03,0,-14.26,231.71,1.07
11.98,0,-14.39,169.55,1.08
12.77,0,-14.27,280.01,0.94
13.64,0,-14.4,329.33,0.91
14.55,0,-14.24,193.57,1.09
15.18,0,-14.28,11.21,1.09
16.16,0,-14.46,255.9,0.99
16.96,0,-14.46,246.39,1.2
17.39,0,-14.26,331.03,1.13
18.28,0,-14.54,5.96,1.07
19.16,0,-14.24,117.26,0.91
19.98,0,-14.49,268.52,0.96
20.97,0,-14.58,239.06,1.02
21.45,0,-14.31,56.57,0.98
22.52,0,-14.6,241.9,0.91
23.33,0,-14.55,254.77,0.9
23.84,0,-14.26,62.24,1.14
-23.96,0,-13.73,320.88,1.12
-23.05,0,-13.4,79.86,1.08
-22.42,0,-13.41,61.99,1.08
-21.55,0,-13.61,153.68,1.16
-20.72,0,-13.7,289.88,0.98
-19.92,0,-13.55,339.46,0.94
-19.2,0,-13.42,268.94,0.97
-18.54,0,-13.7,345.63,1.09
-17.76,0,-13.39,229.24,1.12
-16.94,0,-13.4,199.76,0.94
-16.01,0,-13.57,306.59,1.17
-15.05,0,-13.78,169.89,0.99
-14.31,0,-13.43,128.59,1.17
-13.8,0,-13.44,25.28,1.21
-12.91,0,-13.51,72.09,1.2
-12.11,0,-13.4,151.17,0.94
-11,0,-13.58,170.5,1.09
-10.25,0,-13.51,229.36,1.13
-9.51,0,-13.54,295.5,0.92
-8.69,0,-13.77,113.22,1.02
-8.02,0,-13.63,192.06,0.97
-7.03,0,-13.77,212.97,0.97
-6.22,0,-13.53,173.38,1.04
-5.49,0,-13.55,336.9,1.05
-4.95,0,-13.53,312.11,0.98
-3.96,0,-13.45,170.39,0.88
-3.3,0,-13.55,55.44,1.01
-2.59,0,-13.41,76.88,0.93
-1.64,0,-13.48,171.18,1.15
-0.83,0,-13.75,98.89,1.18
0.2,0,-13.72,254.89,0.94
0.69,0,-13.73,343.57,0.91
1.69,0,-13.68,348.21,0.91
2.29,0,-13.8,292.19,1.09
3.39,0,-13.59,4.82,0.98
4.19,0,-13.72,73.07,1.21
4.78,0,-13.67,18.67,1.22
5.45,0,-13.76,27.45,0.88
6.35,0,-13.4,119.79,1.01
7.05,0,-13.69,282.14,0.91
8.07,0,-13.78,245.33,1.13
9,0,-13.76,330.08,1.01
9.8,0,-13.45,309.33,1.19
10.25,0,-13.39,339.81,1.14
11,0,-13.5,266.12,1.18
11.84,0,-13.4,339.82,1.08
12.69,0,-13.4,253.87,0.96
13.68,0,-13.63,170.91,1.11
14.5,0,-13.42,217.97,1.18
15.21,0,-13.62,352.66,0.99
15.97,0,-13.53,4.58,0.98
16.7,0,-13.74,312.17,1.02
17.41,0,-13.57,130.54,1.01
18.42,0,-13.43,341.45,1.12
19.04,0,-13.77,183.06,0.89
19.96,0,-13.53,254.63,1.06
20.75,0,-13.73,62.5,0.95
21.55,0,-13.78,83.87,1.07
22.51,0,-13.64,168.21,1.04
23.39,0,-13.53,110.55,0.9
23.83,0,-13.68,75.21,0.92
-24.18,0,-12.98,42.75,1.17
-23,0,-12.63,272.33,1.02
-22.21,0,-12.61,330.55,1.14
-21.41,0,-12.81,321.98,0.9
-20.59,0,-12.73,3.4,1.21
-20.07,0,-12.67,227.45,0.93
-19.23,0,-12.81,271.27,1.04
-18.27,0,-12.83,331.96,0.92
-17.62,0,-12.76,171.35,0.98
-16.98,0,-12.87,76.11,1.05
-16.08,0,-12.67,216.9,1.15
-15.2,0,-12.71,184.14,1.05
-14.29,0,-12.91,28.55,1.03
-13.68,0,-12.91,276.46,0.97
-12.82,0,-12.6,149.85,1.05
-12.15,0,-12.89,223.42,1.05
-11.39,0,-12.67,103.67,1
-10.19,0,-12.76,358.97,1.1
-9.62,0,-12.79,237.71,1.06
-8.92,0,-12.66,233.16,1.12
-7.8,0,-12.9,249.21,1.07
-7.26,0,-12.8,290.24,0.96
-6.26,0,-12.92,309.78,0.91
-5.43,0,-12.71,124.99,0.88
-4.93,0,-12.97,276.01,1.11
-4.03,0,-12.94,177.43,0.94
-3.31,0,-12.83,350.29,1.15
-2.37,0,-12.91,20.79,1.09
-1.67,0,-12.71,192.69,1.18
-0.76,0,-12.99,55.43,1.07
-0.21,0,-12.98,189.19,1.14
0.89,0,-12.63,268.94,1.14
1.46,0,-12.74,120.58,0.92
2.22,0,-12.6,101.42,1.16
3.32,0,-12.8,118.31,1.2
4.01,0,-13,232.34,1.08
4.66,0,-12.91,274.09,0.95
5.46,0,-12.81,146.95,0.93
6.58,0,-12.92,241,1
7.25,0,-12.71,164.03,0.99
8.07,0,-12.92,218.99,1.2
8.97,0,-12.61,201.17,1
9.57,0,-12.71,36.38,0.91
10.5,0,-12.92,9.29,1.21
11.17,0,-12.62,223.86,1.04
11.85,0,-12.78,208.99,1.12
12.69,0,-12.93,65.23,1.17
13.52,0,-12.62,66.79,0.9
14.21,0,-12.59,96.87,0.98
15.17,0,-12.71,246.54,0.95
16.08,0,-12.84,282.27,1.03
16.75,0,-12.88,147.86,1.13
17.47,0,-12.72,340.51,1.12
18.23,0,-12.6,69.7,0.93
19.26,0,-12.63,249.06,1.12
20.11,0,-12.71,21.88,1.05
20.81,0,-12.99,13.74,1.13
21.79,0,-12.7,202.56,1.12
22.3,0,-12.84,289.18,1.13
23.31,0,-12.96,118.77,1.19
24.12,0,-12.82,231.72,1.09
-23.8,0,-12,348.49,0.91
-23.07,0,-12.15,236.07,1.05
-22.6,0,-11.8,163.21,1.21
-21.67,0,-12.09,329.73,0.99
-20.89,0,-11.93,279.99,1.04
-20.16,0,-12.11,159.9,1.11
-19.34,0,-12.02,135.91,1.05
-18.37,0,-11.89,331.56,0.98
-17.78,0,-12.02,192.84,0.89
-16.98,0,-11.81,335.48,1.15
-16.18,0,-12.19,245.46,0.97
-15.01,0,-11.86,145.36,1.04
-14.52,0,-12.21,233.36,0.92
-13.52,0,-12.14,175.29,1.13
-12.99,0,-12.09,330.29,1
-11.89,0,-12.15,335.45,0.97
-11.39,0,-12.15,319.25,1.18
-10.3,0,-11.84,92.58,0.99
-9.5,0,-11.8,142,0.9
-8.77,0,-12.14,263.17,0.99
-8.19,0,-11.83,107.01,1.08
-7.36,0,-11.87,222.98,1.19
-6.21,0,-11.87,358.81,1.15
-5.79,0,-11.97,17.49,1.2
-4.96,0,-12.03,78.3,1.15
-3.81,0,-11.99,265.02,1
-3.1,0,-12.07,130.39,1.12
-2.28,0,-12.04,61.25,1.18
-1.58,0,-11.96,108.34,1.17
-0.65,0,-12.06,49.09,0.96
0.01,0,-11.8,334.59,1.2
0.96,0,-12.01,103.38,0.94
1.78,0,-12.01,342.88,0.93
2.59,0,-11.82,134.11,1.06
3.06,0,-11.81,300.56,1.15
3.98,0,-11.83,42.23,1.07
4.86,0,-12.16,85.54,1.03
5.51,0,-12.13,29.31,1.14
6.31,0,-11.8,97,1.21
7.24,0,-11.87,167.8,0.97
7.81,0,-12.13,284.32,0.99
8.78,0,-12.19,332.23,1.09
9.48,0,-11.89,250.42,1.18
10.41,0,-12.07,285.57,1.09
11.36,0,-12.05,107.96,1.14
11.89,0,-11.86,317.27,1.13
12.75,0,-12.13,303.48,1.21
13.67,0,-12.04,342.17,1
14.4,0,-11.98,272.09,0.97
15.04,0,-11.87,31.03,1.08
15.87,0,-11.95,81.54,1.06
16.8,0,-12.13,89.31,1.2
17.47,0,-11.94,34.62,0.95
18.4,0,-11.91,16.37,0.95
19.12,0,-12.19,335.34,0.97
19.87,0,-11.81,346.82,1.16
20.93,0,-12.07,144.81,1.21
21.64,0,-11.98,182.44,0.9
22.31,0,-11.92,200.65,1.09
23.25,0,-12.06,85.87,0.95
24.18,0,-11.83,287.44,0.89
-24.08,0,-11.1,310.49,1.14
-23.19,0,-11.17,336.22,0.9
-22.24,0,-11.07,145.69,0.97
-21.54,0,-11.24,251.88,0.93
-20.68,0,-11.29,129.9,1.1
-20.15,0,-11.4,326.18,1.15
-19.35,0,-11.23,208.83,1.2
-18.27,0,-11.1,121.84,0.98
-17.75,0,-11.01,180.88,0.9
-16.81,0,-11.15,160.4,0.89
-15.95,0,-11.22,71.71,1.05
-15.29,0,-11.28,347.04,0.95
-14.33,0,-11.38,146.57,1.1
-13.59,0,-11.34,315.73,0.98
-12.66,0,-11.38,224.91,0.91
-11.8,0,-11,87,0.93
-11.21,0,-11.37,39.2,1.12
-10.23,0,-11.14,248.82,0.94
-9.46,0,-11.27,11.18,1.12
-8.66,0,-11.23,181.09,1.17
-8.01,0,-11.25,102.88,1.13
-7.27,0,-11.12,275.06,1.22
-6.58,0,-11.32,80.96,1.02
-5.39,0,-11.26,16.86,1.09
-4.92,0,-11.38,4.83,0.94
-4.13,0,-11.3,104.35,0.89
-3.25,0,-11.31,290.04,0.95
-2.56,0,-11.33,163.72,1.02
-1.57,0,-11.08,222.34,1.08
-0.72,0,-11.2,289.21,1.15
-0.07,0,-11.36,227.3,1.12
0.76,0,-11.29,59.25,1.04
1.51,0,-11.24,175.38,1.14
2.36,0,-11.28,236.14,0.95
3.03,0,-11.3,128,0.91
4.16,0,-11.17,308.6,1.18
4.91,0,-11.07,304.95,0.96
5.7,0,-11.22,334.57,1.12
6.3,0,-11.31,305.42,0.9
7.25,0,-11.16,225.52,0.91
7.82,0,-11.27,328.77,1.13
8.88,0,-11.12,5.29,0.96
9.44,0,-11.24,184.61,1.03
10.25,0,-11.11,323.36,1.14
11.1,0,-11.1,333.75,1.09
11.97,0,-11.02,265.36,1.17
12.79,0,-11.08,179.62,0.94
13.58,0,-11.16,207.07,1.05
14.45,0,-11.3,2.64,1.07
15.26,0,-11.35,67.65,0.9
16.12,0,-11.16,38.24,0.99
16.98,0,-11.21,201.63,1.07
17.53,0,-11.38,289.86,1.18
18.47,0,-11.4,239.4,0.93
19.24,0,-11.38,88.99,1.19
19.87,0,-11.06,281.9,1.06
20.94,0,-11.4,294.78,1.18
21.69,0,-11.27,46.14,0.92
22.42,0,-11.05,293.78,1.16
23.34,0,-11.24,327.32,1.22
23.88,0,-11.01,303.55,1.01
-23.88,0,-10.32,295.22,1.09
-23.16,0,-10.25,350.06,1.08
-22.24,0,-10.5,316.04,1.2
-21.47,0,-10.37,177.88,1.19
-20.73,0,-10.33,300.88,1.22
-19.81,0,-10.33,117.77,1.16
-19.32,0,-10.26,109.91,0.94
-18.54,0,-10.5,249.46,0.96
-17.39,0,-10.45,271.49,0.93
-16.93,0,-10.52,108.84,1.17
-16.06,0,-10.38,88.23,0.98
-15,0,-10.25,7.4,0.97
-14.23,0,-10.19,116.95,1.07
-13.76,0,-10.25,162.92,0.92
-12.86,0,-10.61,143.08,1.14
-11.97,0,-10.28,150.01,1.09
-11.17,0,-10.34,343.54,1.03
-10.27,0,-10.46,255.12,1.03
-9.66,0,-10.19,226.15,1.01
-8.83,0,-10.59,301.79,1
-7.87,0,-10.59,97.28,0.94
-7.02,0,-10.55,44.36,0.93
-6.22,0,-10.34,281.96,0.95
-5.47,0,-10.38,100.24,1.08
-4.95,0,-10.35,253.97,1
-3.83,0,-10.36,159.41,1.07
-3.29,0,-10.24,67.15,0.92
-2.52,0,-10.58,244.15,0.99
-1.74,0,-10.59,343.31,1.06
-0.79,0,-10.5,251.74,1.03
0.01,0,-10.27,177.05,0.94
0.83,0,-10.4,227.82,1.16
1.69,0,-10.59,93.58,1.16
2.33,0,-10.4,153.93,0.95
3.24,0,-10.31,314.51,0.9
4.19,0,-10.19,333.33,1.18
5,0,-10.42,11.28,1.14
5.64,0,-10.29,19.78,1.18
6.57,0,-10.5,297.44,0.92
7.03,0,-10.5,359.98,1.14
7.89,0,-10.46,146.68,0.94
8.93,0,-10.25,354.46,1.11
9.65,0,-10.3,330.33,1.16
10.35,0,-10.34,175.29,1.05
11.36,0,-10.35,72.34,0.91
11.99,0,-10.24,85.5,1.21
13.01,0,-10.45,323.49,0.9
13.67,0,-10.47,40.98,0.99
14.49,0,-10.57,293.74,1.08
15.24,0,-10.29,27.37,0.92
15.99,0,-10.46,46.78,1.17
16.94,0,-10.51,179.99,0.97
17.72,0,-10.48,80.12,1.04
18.22,0,-10.23,107.6,1.01
19.04,0,-10.42,61.25,1.02
20.2,0,-10.23,358.57,0.98
20.85,0,-10.36,38.95,0.98
21.74,0,-10.23,331.72,0.92
22.42,0,-10.57,224.99,0.92
23.3,0,-10.45,41.15,1.14
24.16,0,-10.35,105.31,1
-24.17,0,-9.55,92.8,1.15
-23.08,0,-9.62,168.54,0.93
-22.36,0,-9.53,50.15,1.07
-21.66,0,-9.46,80.52,0.97
-20.95,0,-9.72,160.92,1.18
-20.05,0,-9.77,340.37,1.21
-19.3,0,-9.73,225.32,1.13
-18.47,0,-9.64,194.08,1
-17.55,0,-9.54,74.26,1.22
-16.87,0,-9.68,175.91,1.01
-16.03,0,-9.48,192.94,1.18
-15.01,0,-9.78,269.72,1.19
-14.54,0,-9.45,224.93,1.11
-13.74,0,-9.64,348.81,0.88
-12.72,0,-9.69,192.88,1.09
-11.86,0,-9.5,289.64,0.94
-11.36,0,-9.47,339.46,1.13
-10.35,0,-9.71,332.2,1.16
-9.5,0,-9.78,164.4,1.09
-8.77,0,-9.78,6.87,0.95
-8.03,0,-9.51,205.21,1.04
-7.08,0,-9.44,58.28,0.95
-6.33,0,-9.72,112.76,0.9
-5.49,0,-9.44,200.63,1.12
-4.6,0,-9.66,275.75,0.93
-4.16,0,-9.8,109.08,1.2
-3.02,0,-9.48,337.85,0.92
-2.21,0,-9.66,158.1,1.09
-1.7,0,-9.67,64.97,0.92
-0.94,0,-9.67,139.26,0.96
0.06,0,-9.5,22.9,1.02
0.97,0,-9.44,24.77,1.17
1.6,0,-9.49,228.69,0.95
2.31,0,-9.45,33.64,1.02
3.16,0,-9.54,193.65,1.22
4.18,0,-9.79,93.46,0.99
4.91,0,-9.52,282.74,1.03
5.68,0,-9.62,191.02,1.1
6.6,0,-9.59,187.37,1.01
7.39,0,-9.44,8.58,0.9
8.09,0,-9.77,215.73,0.94
8.89,0,-9.71,116.93,1.02
9.49,0,-9.49,256.36,1.06
10.52,0,-9.65,110.83,1.08
11.19,0,-9.49,233,0.96
11.83,0,-9.55,56.56,0.9
12.69,0,-9.39,81.93,1.14
13.53,0,-9.51,165.7,1.05
14.45,0,-9.61,98.17,1.17
15.18,0,-9.78,211.07,1.06
15.94,0,-9.65,75.23,1.2
16.9,0,-9.39,308.27,1.08
17.48,0,-9.42,329.66,0.95
18.29,0,-9.47,350.98,0.91
19.38,0,-9.59,344.56,1.13
19.79,0,-9.58,21.77,1.06
20.72,0,-9.73,332.1,0.99
21.44,0,-9.62,47.87,1.02
22.26,0,-9.76,307.6,1.12
23.17,0,-9.71,122.06,0.96
23.85,0,-9.54,201.18,1.02
-23.88,0,-8.9,96.91,1.15
-23.2,0,-8.94,330.84,1.19
-22.56,0,-8.65,186.47,1.16
-21.67,0,-8.72,224.51,1.06
-20.98,0,-8.78,167.49,1.14
-19.87,0,-8.79,11.58,0.92
-19.01,0,-8.9,242.69,1.12
-18.53,0,-8.71,216.96,1
-17.39,0,-8.74,264.19,0.9
-16.62,0,-8.96,294.25,1.2
-15.98,0,-8.92,103.72,0.99
-15.16,0,-8.99,137.41,1.13
-14.36,0,-8.67,55.93,1.08
-13.73,0,-8.67,217.4,0.97
-12.91,0,-8.95,309.16,0.96
-12,0,-8.92,263.11,1.01
-11.31,0,-8.95,296.57,1.11
-10.21,0,-8.77,216.01,1.21
-9.51,0,-8.79,77.56,1.08
-8.91,0,-8.71,188.08,1.19
-7.84,0,-8.62,34.92,1.01
-7.17,0,-9.01,67.18,0.94
-6.59,0,-8.82,294.27,1.15
-5.7,0,-8.76,156.72,0.99
-4.81,0,-8.63,24.27,1.03
-4.12,0,-8.71,282.55,0.89
-3.32,0,-8.93,313.11,1.1
-2.36,0,-9,17.87,1.05
-1.55,0,-8.61,122.79,1.07
-0.96,0,-8.86,294.98,0.96
0.2,0,-8.74,222.58,1.05
0.91,0,-8.67,253.34,0.93
1.43,0,-8.64,40.04,0.99
2.46,0,-8.98,250.15,0.94
3.05,0,-8.98,62.61,1.01
3.85,0,-8.79,216.48,0.89
4.76,0,-8.88,58.41,0.98
5.49,0,-8.64,72.79,0.92
6.22,0,-8.66,173.99,1.08
7.03,0,-8.89,95.48,1.01
8,0,-8.7,202.73,1.12
8.97,0,-8.71,310.98,1.07
9.5,0,-8.94,148.31,0.9
10.26,0,-8.82,35.21,1.03
11,0,-8.77,30.51,1.03
12.06,0,-8.84,319.46,0.96
12.88,0,-8.6,88.83,1.16
13.64,0,-8.96,29.11,1.17
14.53,0,-8.68,318.35,1.02
15.4,0,-8.63,49.15,1.11
15.98,0,-8.75,19.18,0.91
16.78,0,-8.95,344.66,1.1
17.7,0,-8.99,196.7,1.05
18.28,0,-8.67,266.76,0.91
19.35,0,-8.87,1.6,1.19
19.99,0,-8.99,345.38,0.93
20.63,0,-8.78,87.84,1.01
21.63,0,-8.72,166.51,0.92
22.38,0,-8.84,5.1,0.89
23.13,0,-8.67,274.68,1.06
23.8,0,-8.75,31.78,1.06
-23.97,0,-7.97,235.64,1.22
-23.39,0,-7.88,200.65,1.09
-22.23,0,-8.12,75.38,1.01
-21.54,0,-7.83,358.7,1.19
-20.63,0,-7.97,27.14,0.89
-19.96,0,-8.03,25.35,1.15
-19.08,0,-7.92,270.77,0.89
-18.37,0,-8.01,323.93,1.17
-17.41,0,-8.03,205.49,1.06
-16.63,0,-8.11,127.76,1.14
-16.15,0,-7.86,81.07,0.96
-15.33,0,-7.95,139.12,1.03
-14.27,0,-7.85,226.6,1.04
-13.58,0,-8.19,342.43,0.93
-12.8,0,-7.85,72.23,0.99
-12.19,0,-7.99,17.3,1.03
-11.28,0,-8.07,158.72,0.96
-10.47,0,-8.01,4.24,1.1
-9.72,0,-8.08,325.29,1.14
-8.93,0,-7.86,222.46,0.94
-8.08,0,-8.07,83.56,1.13
-7.06,0,-8.02,118.49,1.19
-6.41,0,-8.03,7.91,0.9
-5.79,0,-8.2,263.97,1.09
-4.68,0,-7.88,329.19,1.17
-4.14,0,-8.15,30.92,0.99
-3.06,0,-7.8,90.17,0.96
-2.55,0,-8.13,343.87,1.1
-1.71,0,-8.2,8.43,1.12
-0.89,0,-8.07,215.42,1.18
-0.2,0,-7.99,275.25,1.19
0.78,0,-7.81,220.78,0.95
1.63,0,-8.09,347.87,1.02
2.58,0,-7.89,0.71,0.93
3.09,0,-7.83,316.86,1.18
3.87,0,-8.17,273.76,0.97
4.79,0,-8.06,295.31,0.89
5.81,0,-8.2,121.02,1.04
6.27,0,-8.19,298.83,1.1
7.15,0,-8.14,315.12,1.18
7.94,0,-8.19,237.44,1.17
8.69,0,-7.98,262.17,1.04
9.4,0,-7.85,171.59,1.01
10.38,0,-7.9,246,1.19
11.32,0,-8,163.87,0.91
11.85,0,-7.96,71.36,1.07
12.99,0,-8,76.67,1.18
13.79,0,-8.06,278.34,0.9
14.2,0,-7.79,184.55,0.92
15.17,0,-7.83,14.09,1.19
16.06,0,-8.06,1.64,0.92
16.82,0,-7.81,6.78,1.04
17.54,0,-7.83,312.47,1.18
18.49,0,-7.88,265.86,1.14
19.35,0,-8.16,329.11,1.13
19.93,0,-7.86,184.98,1.1
20.63,0,-8.04,128.74,1.03
21.48,0,-7.98,172.32,1.18
22.38,0,-7.98,162.21,1.14
23.24,0,-8.18,3.51,1.22
23.99,0,-7.89,190.42,0.89
-24,0,-7.04,130.99,0.96
-23.3,0,-7.1,97.52,0.99
-22.2,0,-7.28,207.96,1.15
-21.45,0,-7.27,15.46,0.93
-20.76,0,-7.17,87.71,1.15
-20.03,0,-6.99,158.42,0.94
-19.27,0,-7.01,66.03,1.15
-18.57,0,-7.02,87.66,1.08
-17.68,0,-7.21,60.55,0.95
-16.99,0,-7.36,66.29,1.04
-16.09,0,-7.35,320.88,0.93
-15.01,0,-7.14,334.14,0.96
-14.6,0,-7.04,143.59,1.19
-13.6,0,-7.11,214.33,1.05
-12.83,0,-7.33,325.35,0.98
-11.97,0,-7.21,84.18,0.9
-11.38,0,-6.99,174.09,1
-10.54,0,-7.06,35.74,1.04
-9.65,0,-7.09,188.86,0.98
-8.97,0,-7.29,74.67,1.11
-8.2,0,-7.01,277.33,0.96
-7.19,0,-7.27,28.05,1.08
-6.24,0,-7.13,277.81,1.17
-5.72,0,-7.04,327.63,1.15
-4.63,0,-7.06,27.44,1.21
-4.14,0,-7.17,22.86,0.94
-3.09,0,-7.02,187.47,1.13
-2.53,0,-7.28,143.47,0.93
-1.4,0,-7.32,96.71,1.09
-0.71,0,-7.41,195.75,1.13
0.17,0,-7.03,171.75,1.05
0.62,0,-7.3,94.51,1.05
1.75,0,-7.11,134.41,0.97
2.28,0,-7.31,184.02,1.04
3.36,0,-7.17,163.87,1.08
4.13,0,-7.27,140.69,1.08
4.7,0,-7.15,309,1.22
5.65,0,-7.29,35.13,1.19
6.31,0,-7.27,20.43,0.97
7.03,0,-7.18,46.72,1.06
8.07,0,-7.4,315.05,1.04
8.98,0,-7.36,331.88,1.14
9.69,0,-7.07,265.61,0.92
10.42,0,-7.01,332.09,1.07
11.2,0,-7.03,85.49,1.03
11.96,0,-7.3,320.89,1.07
12.85,0,-7.21,356.86,1.18
13.47,0,-7.31,138.45,0.99
14.38,0,-7.02,338.42,1.15
15.19,0,-7.03,232.27,0.93
16.09,0,-7.36,101.31,1.16
16.82,0,-7,127.59,1
17.57,0,-7.21,278.39,0.94
18.32,0,-7.12,43.87,1.01
19.04,0,-7.28,307.92,1.04
19.85,0,-7.39,205.12,1.04
20.76,0,-7.24,243.84,1.09
21.39,0,-7.36,38.24,1.08
22.3,0,-7.37,260.56,0.98
23.41,0,-7.38,5.55,1.1
23.84,0,-7.14,165.38,1.12
-24.02,0,-6.53,2.1,1.14
-23.07,0,-6.38,242.86,0.93
-22.59,0,-6.54,4.67,1.11
-21.58,0,-6.27,144.61,0.93
-20.89,0,-6.3,120.21,0.98
-20.05,0,-6.53,337.29,0.96
-19,0,-6.26,144.14,0.9
-18.49,0,-6.52,128.01,1.04
-17.56,0,-6.24,5.37,0.95
-16.84,0,-6.22,287.44,1.03
-16.02,0,-6.21,192.02,0.91
-15.38,0,-6.59,269.57,0.94
-14.33,0,-6.24,129.28,1.01
-13.68,0,-6.54,114.4,0.97
-12.9,0,-6.28,279.69,1.21
-12.15,0,-6.35,313.32,1.17
-11.07,0,-6.39,28.95,1.11
-10.28,0,-6.53,263.92,1
-9.41,0,-6.24,303.9,1.03
-8.74,0,-6.25,53.38,1.19
-8.17,0,-6.52,134.66,1.02
-7.06,0,-6.2,58,1.02
-6.38,0,-6.3,345.2,1.09
-5.75,0,-6.27,109.04,1.16
-4.98,0,-6.32,91.11,1.07
-3.8,0,-6.57,141.63,1.05
-3.35,0,-6.19,155.06,1.03
-2.48,0,-6.24,226.57,1.01
-1.55,0,-6.25,322.39,1.2
-0.9,0,-6.42,3.74,1.17
-0.05,0,-6.33,39.08,0.9
0.68,0,-6.57,78.62,0.92
1.63,0,-6.6,128.55,1.21
2.45,0,-6.36,337,0.88
3.34,0,-6.24,98.61,1.17
4.02,0,-6.31,35.28,1.11
4.63,0,-6.37,359.3,0.98
5.78,0,-6.45,205.35,1.09
6.47,0,-6.44,62.62,0.99
7.4,0,-6.47,95.57,0.89
8.11,0,-6.48,309.97,0.98
8.81,0,-6.33,283.52,0.89
9.78,0,-6.23,39.74,1.01
10.27,0,-6.54,102.9,1.1
11.23,0,-6.43,340.94,1.11
11.83,0,-6.22,73.05,0.95
12.78,0,-6.3,108.52,0.95
13.57,0,-6.35,9.36,1.04
14.45,0,-6.51,28.35,0.96
15.35,0,-6.27,51.3,1.03
16.12,0,-6.2,130.11,0.89
16.7,0,-6.53,158.25,1.05
17.44,0,-6.39,271.43,1.06
18.35,0,-6.36,335.1,1.17
19.03,0,-6.34,305.83,1.15
19.94,0,-6.36,215.81,0.98
20.95,0,-6.35,270.14,1.2
21.42,0,-6.59,283.56,1.14
22.31,0,-6.4,319.73,0.93
23.23,0,-6.54,341.91,0.96
23.91,0,-6.28,23.59,1.19
-23.85,0,-5.6,32.95,0.89
-23.28,0,-5.71,51.49,0.95
-22.21,0,-5.66,32.37,0.94
-21.65,0,-5.79,57.52,1.09
-20.82,0,-5.6,155.13,0.91
-19.9,0,-5.39,87.3,1.18
-19.11,0,-5.48,98.03,1.2
-18.31,0,-5.56,178.08,1.07
-17.59,0,-5.52,159.28,1.01
-16.79,0,-5.5,229.78,1.17
-15.83,0,-5.57,294.12,1.2
-15.24,0,-5.51,275.71,1.06
-14.6,0,-5.68,287.2,1.15
-13.66,0,-5.4,60.05,1.18
-12.91,0,-5.73,108.34,1.05
-11.8,0,-5.72,182.19,1
-11.05,0,-5.59,235.4,1.11
-10.35,0,-5.48,35.02,1.12
-9.45,0,-5.56,69.45,0.93
-8.94,0,-5.68,174.07,0.88
-8.2,0,-5.49,328.53,1.01
-7.07,0,-5.52,74.41,1.07
-6.39,0,-5.57,48.26,0.99
-5.63,0,-5.76,316.3,1.11
-4.98,0,-5.61,31.81,1.18
-4.19,0,-5.77,325.3,0.96
-3.32,0,-5.78,340.02,1.14
-2.28,0,-5.81,253.68,1.2
-1.51,0,-5.69,173.81,0.95
-0.88,0,-5.76,196.23,0.94
-0.08,0,-5.77,52.58,0.9
0.86,0,-5.49,101.74,1.13
1.69,0,-5.6,30.84,1.12
2.28,0,-5.56,343.86,1.2
3.35,0,-5.53,59.43,1.13
4.1,0,-5.63,276.58,1.06
4.95,0,-5.73,223.72,0.93
5.66,0,-5.53,136.46,1.2
6.58,0,-5.42,205.16,1.2
7.39,0,-5.45,212.19,1.04
8.13,0,-5.72,22.58,0.97
8.98,0,-5.81,265.68,0.92
9.53,0,-5.58,127.54,1.09
10.59,0,-5.46,149.23,1.18
11.13,0,-5.55,66.23,1.04
11.85,0,-5.75,31.02,0.89
12.65,0,-5.75,280.22,0.98
13.4,0,-5.81,357.39,1.22
14.23,0,-5.51,332.16,1.06
15.15,0,-5.6,215.12,1.17
15.98,0,-5.6,289.1,0.91
16.72,0,-5.49,358.66,0.91
17.6,0,-5.52,221.83,0.99
18.47,0,-5.76,115.17,1.1
19.04,0,-5.8,50.19,1.15
19.88,0,-5.62,32.56,0.99
20.82,0,-5.66,193.51,0.96
21.77,0,-5.44,183.59,1.16
22.2,0,-5.67,4.03,1.1
23.13,0,-5.4,259.71,1.01
23.85,0,-5.53,278.53,1
-24.05,0,-4.73,115.59,1.21
-23.25,0,-4.9,146.23,1
-22.46,0,-4.67,228.76,1.22
-21.64,0,-4.81,196.75,1.21
-20.92,0,-4.7,71.78,1.09
-20.14,0,-4.68,104.78,1
-19.36,0,-4.72,114.6,0.93
-18.48,0,-4.69,234.58,1.07
-17.52,0,-4.69,339.99,1.18
-16.99,0,-4.77,311.08,1.1
-16.01,0,-4.94,173.01,0.95
-15.12,0,-5,80.12,1.18
-14.42,0,-4.69,58.41,1.01
-13.61,0,-4.95,58.03,1.09
-12.85,0,-4.6,302.15,1.12
-11.81,0,-4.9,15.97,1.08
-11.34,0,-4.97,113.37,1.11
-10.39,0,-4.73,331.08,1.1
-9.44,0,-4.77,56.3,0.89
-8.88,0,-4.98,237.7,0.91
-8.02,0,-4.82,252.04,1.06
-7.16,0,-4.9,24.21,1.06
-6.36,0,-4.87,178.68,0.9
-5.5,0,-4.94,247.69,0.95
-4.96,0,-4.64,22.6,1.08
-3.92,0,-4.77,123.47,1.14
-3.06,0,-4.79,183.17,1.19
-2.2,0,-4.95,112.37,0.99
-1.68,0,-4.7,86.42,1.05
-0.77,0,-4.8,359.13,1.18
-0.2,0,-4.68,25.96,0.95
0.66,0,-4.65,322.71,1.12
1.76,0,-4.61,323.04,1.02
2.19,0,-4.98,144.26,1.19
3.03,0,-4.62,250.29,0.9
4.11,0,-4.95,197.94,1.03
4.6,0,-4.93,271.81,0.88
5.78,0,-4.93,231.64,1.09
6.56,0,-4.94,207.81,1.19
7.2,0,-4.95,216.58,1.22
8.05,0,-4.68,13.85,0.89
8.69,0,-4.63,108.89,0.97
9.53,0,-4.87,140.7,1.1
10.53,0,-4.62,52.07,1.18
11.09,0,-4.75,60.89,1.22
11.83,0,-4.63,287.07,1.11
12.72,0,-4.89,189.62,1.17
13.59,0,-4.81,148.59,1.2
14.33,0,-4.71,159.79,1.21
15.04,0,-4.8,70.54,0.92
16.16,0,-4.8,240.05,1.08
16.93,0,-5.01,289.22,1.21
17.4,0,-4.71,250.15,1.17
18.6,0,-4.75,321.34,1.13
19.41,0,-4.86,264.56,1.21
19.95,0,-4.82,276.23,1.17
20.98,0,-4.83,112.56,0.92
21.59,0,-4.93,271.94,1.12
22.37,0,-4.99,37.23,1.08
23.09,0,-4.92,318.97,0.98
23.99,0,-4.77,295.36,1.14
-23.88,0,-3.98,350.12,1.12
-23.07,0,-3.91,349.6,1.14
-22.28,0,-4.11,270.6,1.02
-21.5,0,-3.87,236.62,1
-20.72,0,-3.92,173.37,1.17
-19.81,0,-3.8,154.3,1.2
-19.19,0,-4.08,183.43,1.14
-18.41,0,-4.03,174.02,1.15
-17.54,0,-3.79,27.47,1.01
-16.82,0,-3.96,105.65,1.14
-16.12,0,-3.79,339.08,0.95
-15.29,0,-3.92,308.48,1.02
-14.38,0,-3.99,218.27,1.15
-13.78,0,-3.8,296.46,1.15
-12.96,0,-4.2,71.29,1.05
-12.13,0,-4.13,106.06,1
-11.1,0,-3.81,281.77,1.13
-10.3,0,-4.09,324.24,0.91
-9.64,0,-3.91,226.45,1.21
-9,0,-4.11,231.49,1.16
-8.02,0,-4.17,79.56,1.2
-7.06,0,-3.92,260.85,1.1
-6.54,0,-4.1,90.14,1.03
-5.64,0,-3.88,206.78,0.89
-4.72,0,-3.96,162.64,1
-3.83,0,-4.16,247.29,0.97
-3.15,0,-3.99,136.12,1.01
-2.46,0,-3.85,277.28,1.18
-1.65,0,-4.06,25.67,0.92
-0.6,0,-4.06,183.69,0.9
-0.12,0,-4.16,207.88,1.04
0.6,0,-4.01,246.76,1.09
1.45,0,-3.95,93.21,1.03
2.52,0,-4.09,335.86,0.99
3.16,0,-3.81,116.33,0.99
3.93,0,-4.06,110.75,0.98
4.8,0,-4.06,12.6,0.89
5.69,0,-4.01,16.17,1
6.23,0,-4.04,46.84,1.14
7.21,0,-4.12,86.55,0.93
8.14,0,-3.89,86.27,1.13
8.84,0,-4.07,42.64,0.91
9.57,0,-3.9,253.18,0.89
10.2,0,-4.13,261.03,1.18
11.33,0,-4.09,345.67,1.11
11.97,0,-3.94,329.48,1.11
12.83,0,-3.83,122.93,1.01
13.46,0,-4.14,286.74,0.94
14.49,0,-4.14,173.69,1.07
15.04,0,-3.97,250.75,0.94
15.89,0,-3.82,217.36,1.21
16.91,0,-4.2,116.13,1.18
17.68,0,-4.1,345.19,0.97
18.3,0,-3.97,255.72,0.94
19.34,0,-3.97,62.35,1.12
20.21,0,-3.9,336.98,0.97
20.99,0,-3.99,114.33,1.17
21.69,0,-4.14,272.93,0.96
22.43,0,-3.88,158.71,1.05
23.01,0,-3.81,325.3,1.07
24.04,0,-4.02,249.67,1.19
-24.13,0,-3.18,328.32,0.93
-23.21,0,-3.28,262.83,1.06
-22.44,0,-2.99,60.51,1.05
-21.39,0,-3.27,8.55,0.96
-20.71,0,-3.21,64.93,1.06
-20,0,-3.11,245.24,1.04
-19.36,0,-3.32,50.11,1.18
-18.33,0,-3.15,39.55,1.07
-17.79,0,-3.4,27.48,1.02
-16.75,0,-3.34,139.58,1.02
-16.03,0,-3.32,307.29,1.08
-15.15,0,-3.01,180.95,1.12
-14.22,0,-3.13,303.89,0.92
-13.7,0,-3.34,143.73,1.05
-12.65,0,-3.22,8.12,0.97
-12.14,0,-3.06,313.2,1.14
-11.04,0,-3.15,157.89,1.21
-10.5,0,-3.15,225.04,1.06
-9.78,0,-3.09,34.72,0.98
-8.65,0,-3.37,302.71,0.94
-7.91,0,-3.23,348.56,0.88
-7.08,0,-2.99,101.74,1.18
-6.34,0,-3.16,198.45,0.94
-5.75,0,-3.35,91.81,1.08
-4.86,0,-3.37,247.84,0.88
-4,0,-3.18,167.09,0.98
-3.39,0,-3.28,12.12,1.05
-2.58,0,-3.36,227.32,1.14
-1.56,0,-3.05,198.37,1.13
-0.64,0,-3.05,354.81,1.18
-0.07,0,-3.18,119.2,1.11
0.62,0,-3.22,136.37,1.2
1.6,0,-3.2,336.23,1.14
2.36,0,-3.06,237.85,0.94
3.39,0,-3.13,346.85,1.04
4.19,0,-3.08,290.56,1.06
4.99,0,-3.07,204.83,0.98
5.63,0,-3.19,258.26,1.04
6.23,0,-3.08,242.19,1.2
7.08,0,-3.07,86.93,1.08
8.18,0,-3.38,356.71,1.07
8.67,0,-3.05,121.91,1.14
9.47,0,-3.25,279.94,0.95
10.57,0,-3.19,337.22,1.07
11.3,0,-3.07,254.8,0.97
12.16,0,-3.38,133.6,1.22
12.92,0,-3.22,241.78,1.09
13.46,0,-3.11,346.6,0.93
14.37,0,-3.25,191.4,1.18
15.32,0,-3.31,121.34,0.91
15.98,0,-3.07,39.65,0.95
16.9,0,-3.2,208.77,1.08
17.75,0,-3.36,73.54,1.01
18.23,0,-3,252.09,1.17
19.29,0,-2.99,278.77,1.13
19.87,0,-3.11,220.1,1.04
20.77,0,-3.15,284,1.06
21.8,0,-3.39,275.14,1.05
22.39,0,-3.15,290.74,0.91
23.4,0,-3.34,90.5,0.98
24.16,0,-3.37,276.21,0.89
-24,0,-2.37,24.04,1.03
-23.13,0,-2.33,59.9,1.15
-22.41,0,-2.36,326.95,1.13
-21.73,0,-2.35,280.1,0.92
-20.71,0,-2.59,214.47,1.15
-20.06,0,-2.32,330.59,1.04
-19.34,0,-2.35,319.89,1.06
-18.3,0,-2.4,309.49,0.91
-17.41,0,-2.37,353.25,1.17
-16.78,0,-2.47,305.17,0.99
-15.84,0,-2.2,14.91,1.18
-15.11,0,-2.58,323.71,1
-14.44,0,-2.56,202.74,1.16
-13.6,0,-2.2,247.53,1.15
-12.74,0,-2.36,100.44,0.9
-11.88,0,-2.35,15.97,1.21
-11.1,0,-2.27,286.03,1.09
-10.34,0,-2.22,205.34,1.01
-9.72,0,-2.49,325.16,1.01
-8.74,0,-2.59,280.01,0.91
-7.91,0,-2.38,51.32,1.09
-7.02,0,-2.59,217.75,1.21
-6.24,0,-2.54,71.82,1.21
-5.78,0,-2.28,189.34,0.97
-4.62,0,-2.58,44.05,1.18
-4.1,0,-2.49,250.71,1.04
-3.18,0,-2.53,219.41,0.95
-2.58,0,-2.48,54.72,1.08
-1.47,0,-2.54,125.8,0.96
-0.81,0,-2.43,16.96,1.12
-0.12,0,-2.27,264.37,1.04
0.9,0,-2.36,112.4,1.02
1.71,0,-2.34,163.07,1.08
2.58,0,-2.24,299.8,1.03
3.35,0,-2.33,21.35,1.13
3.97,0,-2.44,327.46,1.08
4.6,0,-2.36,56.83,1.18
5.57,0,-2.49,280.14,1.05
6.2,0,-2.43,248.05,1.03
7.22,0,-2.52,266.25,1.2
8.16,0,-2.53,162.68,1.03
8.95,0,-2.37,242.86,1.19
9.53,0,-2.22,140.02,1.16
10.34,0,-2.48,97.04,1.16
11.37,0,-2.54,161.17,0.92
11.98,0,-2.43,356,1.04
12.95,0,-2.21,205.07,1.05
13.47,0,-2.45,318.48,1.09
14.58,0,-2.57,312.18,0.96
15.39,0,-2.41,260.13,1.04
16.18,0,-2.51,195.82,1.06
16.97,0,-2.2,48.62,1.12
17.45,0,-2.24,196.39,1.01
18.52,0,-2.35,182.81,1.03
19.07,0,-2.2,204.54,1.19
20.21,0,-2.54,262.36,1.21
20.6,0,-2.29,315.29,0.97
21.57,0,-2.6,311.95,1.03
22.37,0,-2.19,74.47,0.95
23.36,0,-2.41,206.44,1.18
24.13,0,-2.25,129.05,0.99
-23.86,0,-1.6,304.66,0.99
-23.16,0,-1.63,18.07,1.21
-22.23,0,-1.47,167.54,1.14
-21.6,0,-1.57,174.55,0.93
-20.97,0,-1.44,99.04,0.92
-20.2,0,-1.76,343.4,1.15
-19.24,0,-1.69,204.99,1.13
-18.44,0,-1.53,31.15,0.93
-17.47,0,-1.64,46.57,1.06
-16.62,0,-1.58,239.36,0.89
-15.8,0,-1.43,185.12,1.09
-15.19,0,-1.62,254.67,0.98
-14.2,0,-1.63,288.92,1.2
-13.57,0,-1.71,109.03,1.12
-12.78,0,-1.79,332.42,0.98
-11.85,0,-1.67,199.91,0.96
-11.1,0,-1.67,341.45,0.91
-10.42,0,-1.41,77.4,1.06
-9.72,0,-1.7,56.03,0.92
-8.76,0,-1.67,96.03,1.2
-7.96,0,-1.7,266.02,1.21
-7.04,0,-1.75,200.34,1.08
-6.56,0,-1.64,358.54,1.17
-5.55,0,-1.66,62.4,1.1
-4.86,0,-1.69,317.53,0.95
-4,0,-1.55,305.88,0.89
-3.32,0,-1.7,264.49,0.99
-2.58,0,-1.73,39.93,0.95
-1.48,0,-1.4,257.08,1.08
-0.76,0,-1.56,131.85,1.08
0.11,0,-1.65,353.5,0.89
0.99,0,-1.66,329.36,1.17
1.42,0,-1.6,273.63,0.99
2.38,0,-1.78,162.21,1.21
3.17,0,-1.52,267.06,1.09
3.96,0,-1.71,180.67,1.19
4.72,0,-1.48,25.92,1.1
5.66,0,-1.56,22.25,1.14
6.57,0,-1.69,152.64,0.92
7.26,0,-1.47,31.48,1.18
7.94,0,-1.44,88.72,1.07
8.77,0,-1.48,268.81,1.12
9.61,0,-1.5,57.42,1.18
10.55,0,-1.49,65.16,1.06
11.36,0,-1.78,264.28,0.93
11.91,0,-1.7,70.68,1.05
12.78,0,-1.39,150.68,0.94
13.66,0,-1.68,122.1,1.09
14.45,0,-1.44,95.16,1.06
15.4,0,-1.42,173.61,1.06
15.81,0,-1.66,48.58,1.19
16.77,0,-1.74,329.03,0.93
17.44,0,-1.44,93.99,1.07
18.22,0,-1.42,212.64,0.91
19.28,0,-1.49,43.4,1.03
19.94,0,-1.57,25.47,0.95
20.76,0,-1.58,98.42,1.21
21.6,0,-1.53,201.24,1.2
22.44,0,-1.72,40.5,1.2
23.04,0,-1.69,18.41,0.97
23.83,0,-1.7,19.11,1.14
-24.19,0,-0.69,190.11,1.11
-23.29,0,-0.94,297.46,0.96
-22.27,0,-0.99,56.34,1.04
-21.69,0,-0.62,181.73,1.18
-20.63,0,-0.62,238.69,1.03
-20.07,0,-0.87,354.25,1.17
-19.07,0,-0.73,346.41,1.02
-18.31,0,-0.65,125.5,0.91
-17.59,0,-0.88,50.89,1.09
-17,0,-0.76,251.03,0.99
-15.86,0,-0.87,43.31,1.06
-15.39,0,-0.74,232.03,0.94
-14.28,0,-0.94,132.38,0.93
-13.56,0,-0.76,159.25,1.13
-12.68,0,-0.73,312.29,1.09
-12.12,0,-0.83,184.84,1.21
-11.12,0,-0.99,336.34,1.21
-10.28,0,-0.64,308.65,0.99
-9.71,0,-0.86,221.11,1.22
-8.92,0,-0.82,290.74,0.94
-8.2,0,-0.69,223.14,1.06
-7.21,0,-0.93,179.46,1.19
-6.25,0,-0.84,303.57,1
-5.51,0,-0.98,35.45,1.02
-4.66,0,-0.94,301.03,0.88
-3.91,0,-0.73,142.85,1.19
-3.28,0,-0.99,326.93,0.97
-2.19,0,-0.82,189.45,1
-1.45,0,-0.72,215.11,1.03
-0.67,0,-0.6,173.42,1.05
0.02,0,-1.01,41.31,1.01
0.6,0,-0.8,212.66,0.93
1.5,0,-0.93,58.93,0.9
2.45,0,-0.67,163.04,1
3.15,0,-0.71,82.28,1.03
3.91,0,-0.91,337.15,1.02
4.96,0,-0.8,182.14,0.89
5.59,0,-0.73,219.87,1.17
6.47,0,-0.87,159.16,1.12
7.22,0,-1,316.62,1.16
7.98,0,-0.7,0.4,1.15
8.71,0,-0.81,261.67,0.9
9.49,0,-0.91,24.31,0.91
10.5,0,-0.99,74.45,0.99
11.02,0,-0.71,180.61,1.06
12.21,0,-0.77,243.08,1.08
12.84,0,-0.88,135.22,0.97
13.54,0,-0.7,287.87,1
14.54,0,-0.84,346.9,1.06
15.09,0,-0.95,41.49,1.02
16.12,0,-0.82,278.99,0.96
16.84,0,-0.79,37.81,1.09
17.44,0,-0.96,228.34,1.17
18.4,0,-0.86,297.36,1.18
19.02,0,-0.84,71.26,1.21
19.83,0,-0.82,246.02,1.05
20.78,0,-0.71,94.58,0.99
21.43,0,-0.73,23.84,1.19
22.44,0,-0.97,269.77,1.06
23.32,0,-0.83,2.66,0.9
23.88,0,-0.69,52.08,0.96
-24.16,0,0.19,306.79,1.04
-23.16,0,-0.18,168.83,1.17
-22.21,0,-0.15,110.11,0.99
-21.48,0,-0.09,285.03,1.18
-20.9,0,0.11,190.78,1.04
-20.18,0,0.09,90.84,1.02
-19.16,0,-0.09,36.67,1.1
-18.44,0,-0.16,276.86,1
-17.68,0,-0.02,139.67,1.05
-16.65,0,0.12,268.28,0.89
-16.13,0,-0.11,350.37,1.03
-15.08,0,-0.03,272.97,1.06
-14.34,0,-0.16,294.16,1.03
-13.72,0,0.07,61.38,1.02
-12.71,0,-0.03,314.52,0.98
-11.8,0,0.14,158.87,1.16
-11.26,0,0.19,6.62,0.99
-10.24,0,-0.08,11.17,1.04
-9.8,0,0,97.82,1.16
-8.7,0,0.12,225.42,0.94
-7.99,0,0.03,356.79,0.97
-7.28,0,-0.07,43.25,1.09
-6.49,0,0.2,283.81,1.02
-5.43,0,-0.02,20.16,1
-4.68,0,-0.15,31.26,1.16
-4.04,0,-0.03,227.7,1
-3.37,0,-0.06,146.9,1.12
-2.44,0,-0.07,239.14,1.19
-1.47,0,0.08,272.78,1.01
-0.66,0,-0.14,185.86,0.89
0.14,0,-0.05,16.97,1.19
0.81,0,0.05,200.82,1.08
1.58,0,0.17,18.87,1.08
2.49,0,0.12,278.7,0.91
3.39,0,0.06,65.33,1.21
4.18,0,-0.04,80.15,1.2
4.73,0,0.16,217.9,0.95
5.68,0,0.07,187.69,1.09
6.46,0,-0.19,355.88,0.89
7.15,0,0.1,299.74,1.04
8.12,0,0.14,95.74,1.05
8.71,0,-0.18,70.2,0.88
9.78,0,0.07,155.95,0.95
10.6,0,0.02,39.57,1.03
11.06,0,-0.17,208.23,1.09
11.79,0,-0.07,317.26,1.14
12.75,0,-0.03,344.44,1.1
13.73,0,0.11,258.04,0.95
14.53,0,0.09,61.75,0.91
15.05,0,0.09,239.39,0.96
16.08,0,0.04,107.29,0.89
16.69,0,-0.07,227.85,0.91
17.79,0,0.02,305.76,0.98
18.25,0,-0.12,168.34,1.03
19.39,0,-0.01,39.39,1.17
19.84,0,0.02,73.6,0.93
20.98,0,-0.12,137.33,0.98
21.55,0,-0.2,108.44,1.03
22.37,0,-0.07,338.92,1.02
23.01,0,0.14,194.34,0.9
24.13,0,0.16,258.03,0.97
-23.83,0,0.77,23.19,1.09
-23.31,0,0.89,51.02,1.1
-22.35,0,0.93,46.12,0.93
-21.65,0,0.65,36.28,0.89
-20.61,0,0.74,249.61,1.19
-20.11,0,0.76,304.99,1.16
-19.3,0,0.61,146.76,0.92
-18.21,0,0.61,16.26,0.96
-17.47,0,0.99,91.07,1.05
-16.95,0,0.91,16.33,1.1
-15.84,0,0.86,297.12,1.09
-15.32,0,0.92,10.91,1.19
-14.3,0,0.81,41.96,1.03
-13.73,0,0.92,3.04,1.05
-12.76,0,0.69,125.47,0.94
-12.08,0,0.6,253.03,1.07
-11.09,0,0.96,119.49,1.03
-10.24,0,0.84,314.51,0.94
-9.68,0,0.6,17.74,1.08
-8.77,0,0.69,222.58,1.04
-8.2,0,0.8,132.38,1.03
-7.02,0,0.84,18.84,0.89
-6.22,0,0.91,331.22,1.19
-5.63,0,0.95,125.09,1.17
-4.61,0,0.7,304.1,0.99
-4.02,0,0.84,8.04,0.93
-3.14,0,0.99,51.79,0.93
-2.3,0,0.76,330.52,1
-1.55,0,0.96,60.19,1.16
-0.73,0,0.7,229.17,0.94
0.14,0,0.72,181.13,0.92
0.87,0,1,270.41,1.03
1.68,0,0.68,233.84,0.99
2.35,0,0.72,5.01,1.03
3.19,0,0.68,284.2,1.22
3.98,0,0.97,102.55,1.06
4.94,0,0.83,102.21,1.07
5.68,0,0.81,63.99,1.11
6.45,0,0.87,171.82,0.93
7.03,0,0.96,169.6,1.11
7.87,0,0.88,169.43,1.06
8.91,0,0.84,350.03,0.99
9.75,0,0.9,119.73,1.03
10.39,0,0.86,261.57,1.2
11,0,1,106.93,0.92
12.08,0,0.68,272.02,0.93
12.6,0,1,253.66,1.12
13.74,0,0.95,123.93,1.08
14.51,0,0.64,286.91,1.14
15.17,0,0.9,276.12,0.96
16.04,0,0.99,245.96,1.2
16.68,0,0.9,70.21,1.21
17.78,0,0.82,48.3,0.92
18.44,0,0.74,358.13,1.22
19.39,0,0.73,182.67,1.15
20.16,0,0.7,177.67,0.88
20.75,0,0.9,249.47,1.01
21.75,0,1,184.53,0.97
22.28,0,0.61,187.35,1.12
23.21,0,0.93,340.68,0.98
24.12,0,0.9,279.92,0.98
-23.91,0,1.49,357.95,1.01
-23.36,0,1.73,292.96,0.92
-22.51,0,1.8,127.15,0.99
-21.61,0,1.68,202.29,1.04
-20.99,0,1.74,43.84,1.21
-20.2,0,1.75,324.8,1.06
-19.06,0,1.51,167.24,0.93
-18.45,0,1.48,3.89,0.93
-17.61,0,1.48,99.47,0.93
-16.7,0,1.52,90.3,0.89
-16.14,0,1.56,10.67,0.96
-15.11,0,1.47,89.19,1.17
-14.51,0,1.59,91.12,1.2
-13.55,0,1.73,94.94,1.17
-12.87,0,1.58,198.64,1.17
-12.06,0,1.67,262.75,0.89
-11,0,1.47,309.37,0.97
-10.44,0,1.56,255.15,1.13
-9.57,0,1.42,291.72,1.09
-8.66,0,1.67,300.94,1.1
-8.2,0,1.65,324.37,1.18
-7.01,0,1.41,196.67,1.11
-6.21,0,1.56,297.96,0.98
-5.49,0,1.56,250.05,1.04
-4.73,0,1.39,94.22,1.05
-4.07,0,1.8,157.2,1.16
-3.08,0,1.61,135.45,1.06
-2.19,0,1.66,10.49,1.1
-1.55,0,1.77,292.38,1.13
-0.69,0,1.74,24.62,1.19
0.06,0,1.47,116.9,1.22
0.83,0,1.56,356.04,0.94
1.55,0,1.53,338.52,1.16
2.36,0,1.53,119.02,0.9
3.07,0,1.42,39.06,1.03
4.08,0,1.4,240.81,0.98
4.75,0,1.46,242.67,1.17
5.64,0,1.8,256.19,1.16
6.58,0,1.54,307.84,0.93
7.27,0,1.58,93.99,1
8.01,0,1.48,51.15,1.11
8.89,0,1.47,89.29,0.98
9.63,0,1.71,192.89,1.12
10.5,0,1.65,81.17,1.1
11.21,0,1.4,218.37,1.02
12.1,0,1.45,204.59,1.02
12.85,0,1.43,323.75,0.9
13.59,0,1.47,140.23,1.13
14.53,0,1.7,331.61,1.04
15.36,0,1.81,212.17,0.94
16.18,0,1.55,103.57,1.16
16.77,0,1.39,36.49,0.99
17.44,0,1.48,219.77,1.09
18.54,0,1.75,224.49,1.01
19.26,0,1.7,21.07,1.08
19.91,0,1.47,293.18,1.01
20.75,0,1.72,325.51,1.22
21.68,0,1.71,272.73,1.06
22.37,0,1.57,174.83,1
23.35,0,1.7,352.22,1.09
23.79,0,1.64,334.8,0.97
-23.96,0,2.51,324.68,1.2
-23.36,0,2.41,298.88,0.93
-22.22,0,2.61,320.41,1.13
-21.57,0,2.58,164.35,1.1
-20.97,0,2.24,219.37,1.01
-20.01,0,2.23,67.41,1.02
-19.25,0,2.3,195.09,1.19
-18.3,0,2.38,214.8,1.12
-17.7,0,2.43,281.29,1.09
-16.63,0,2.59,312.82,0.94
-15.82,0,2.45,212.1,1.03
-15.19,0,2.51,283,1.2
-14.49,0,2.33,183.99,1.18
-13.4,0,2.42,283.91,1.05
-12.77,0,2.39,208.78,1.17
-11.79,0,2.58,143.59,1.05
-11.25,0,2.27,169.22,0.88
-10.55,0,2.54,269.46,0.93
-9.71,0,2.37,162.71,1.17
-8.8,0,2.5,320.79,1.09
-8.01,0,2.45,225.56,1.02
-7.02,0,2.49,262.63,1.12
-6.29,0,2.31,14.1,1.02
-5.65,0,2.2,64.78,1.22
-4.92,0,2.23,21.31,1
-4.09,0,2.52,284.58,1.03
-3.16,0,2.34,233.7,1.06
-2.57,0,2.58,3.08,1.17
-1.56,0,2.6,133.92,1.01
-0.89,0,2.6,198.99,1.11
-0.02,0,2.51,85.02,1.17
0.93,0,2.33,276.88,0.96
1.5,0,2.38,231.88,1.01
2.47,0,2.42,118.32,1.12
3.34,0,2.27,296.53,1.07
3.81,0,2.27,216.64,1.17
4.7,0,2.27,295.34,1.02
5.66,0,2.53,252.44,0.96
6.42,0,2.35,322.61,1.06
7.22,0,2.58,227.97,0.97
8.04,0,2.37,100.73,1.1
8.71,0,2.45,58.39,0.9
9.66,0,2.47,199.12,0.92
10.26,0,2.6,227.56,0.97
11.06,0,2.36,212.46,1.09
12.01,0,2.34,210.05,1.04
12.91,0,2.37,305.34,0.98
13.66,0,2.53,58.63,1.18
14.42,0,2.43,350.09,1.1
15.37,0,2.59,197.73,1.1
15.81,0,2.51,277.8,1.21
16.7,0,2.44,21.96,1.07
17.7,0,2.46,128.51,0.93
18.33,0,2.2,264.25,0.96
19.34,0,2.54,323.26,1.18
20.11,0,2.55,144.12,1.16
20.8,0,2.47,198.46,1.08
21.39,0,2.61,126.57,0.95
22.55,0,2.58,203.43,1.13
23.24,0,2.45,73.9,0.93
23.94,0,2.31,203.6,0.88
-24.02,0,3,198.61,1.06
-23.06,0,3.3,286.18,0.91
-22.59,0,3.28,320.67,0.94
-21.65,0,3.39,169.38,1.08
-20.99,0,3.19,199.44,1.13
-20.09,0,3.05,106.48,1.02
-19.21,0,3.41,233.73,0.96
-18.35,0,3.3,183.75,1.04
-17.69,0,3.15,135.88,1.05
-16.96,0,3,270.62,0.97
-16.12,0,3.1,56.74,0.94
-15.39,0,3.15,133.73,1.1
-14.55,0,3.25,41.91,1.18
-13.5,0,3.34,262.77,0.98
-12.71,0,3.05,22.15,1.17
-12.17,0,3.23,168.4,0.99
-11.34,0,3.16,320.18,1.21
-10.37,0,3.4,173.06,0.89
-9.51,0,3.11,193.39,0.89
-8.6,0,3.04,130.74,0.91
-7.95,0,2.99,33.63,0.88
-7.15,0,3.25,270.5,1.04
-6.33,0,3.02,274.63,1.21
-5.41,0,3.37,68.3,1.1
-4.68,0,3.34,359.67,1.1
-4,0,3.15,28.96,0.93
-3.35,0,3.03,61.05,1.03
-2.49,0,3.29,114.49,1.08
-1.48,0,3.4,82.88,0.91
-0.81,0,3.19,248.94,1.07
0.07,0,3.17,117.82,1.05
0.68,0,3.21,19.47,1.16
1.43,0,3.37,79.22,0.93
2.24,0,3.3,211.01,0.96
3.38,0,3.39,312.62,1.06
3.98,0,3.12,64.59,1.2
4.91,0,3.06,65.48,1.21
5.67,0,3.04,60.73,0.99
6.25,0,3.18,351.33,0.9
7.01,0,3.24,335.3,1.09
7.81,0,3.14,130.44,1.01
8.8,0,3.06,168.27,0.9
9.56,0,3.41,57.2,1.06
10.44,0,3.06,34.18,1
11.09,0,3.15,266.52,0.9
11.93,0,3.02,51.49,1.21
12.9,0,3.36,357.53,1.11
13.71,0,3.21,62.19,0.99
14.19,0,3.1,172.43,0.91
15.38,0,3.32,163.08,1.08
16.08,0,3.04,211.72,1.11
16.99,0,3.26,265.14,1.21
17.54,0,3.25,298.53,1.11
18.55,0,3.36,101.88,1.21
19.08,0,3.15,237.88,1.09
19.87,0,3.32,107.81,1.18
20.94,0,3.34,187.6,1
21.68,0,3.41,151.24,1.03
22.58,0,3.06,127.73,0.95
23.19,0,3.19,11.67,0.91
23.85,0,2.99,115.14,0.93
-23.92,0,4,176.45,0.92
-23,0,4,319.68,1.07
-22.56,0,4.15,144.03,1.19
-21.46,0,4.09,305.66,0.92
-20.96,0,3.95,106.36,1
-20.13,0,3.95,269.39,1.11
-19.19,0,3.82,176.46,1.13
-18.46,0,4.03,163.56,0.94
-17.61,0,3.86,70.55,0.99
-16.87,0,3.95,136.2,0.94
-16.16,0,4.15,116.83,0.91
-15.09,0,3.98,135.44,1.14
-14.35,0,4.17,350.37,1.14
-13.51,0,4.19,337.47,0.98
-12.7,0,4.13,219.64,1.18
-12.2,0,3.85,74.87,1.07
-11.24,0,3.89,157.65,1.11
-10.4,0,4.01,285.9,1.13
-9.8,0,3.84,90.79,0.99
-8.99,0,4.07,333.41,0.91
-7.92,0,4.09,44.21,1.03
-7.16,0,4.08,164.66,1.05
-6.51,0,4.16,209.83,1.06
-5.48,0,3.99,60.45,1.21
-4.73,0,4.11,247.49,1.06
-4.21,0,4.09,95.17,0.91
-3.36,0,3.89,269.17,1.08
-2.31,0,4.04,92.68,0.91
-1.44,0,4.01,68.17,0.98
-1,0,4.11,346.21,1.12
0.11,0,4.18,157.94,1.09
0.98,0,3.9,341.88,1.06
1.79,0,3.91,244.44,0.98
2.6,0,3.96,24.52,1.22
3.18,0,3.8,119.12,1
4.19,0,4.15,289.61,1.09
4.85,0,4,234.19,0.96
5.52,0,4.15,338.24,1.18
6.53,0,4.21,273.37,0.91
7.1,0,4.06,59.12,1.17
7.91,0,3.88,236.52,1.02
8.98,0,4.2,36.05,1.04
9.59,0,3.87,306.36,0.88
10.37,0,4.05,270.98,1.19
11.04,0,4.13,358.05,1.03
12.05,0,4.09,81.23,0.91
12.74,0,4.12,173.27,1.22
13.66,0,4.2,258.52,1.16
14.55,0,3.99,20.53,1.13
15.07,0,3.95,251.93,1.1
15.96,0,3.86,280.42,0.91
16.6,0,4.18,164.09,0.95
17.49,0,4.14,345.58,1.04
18.46,0,4.1,83.04,1.08
19.41,0,4.03,24.24,0.93
20,0,3.84,304.91,1.04
20.79,0,3.81,51.26,1.2
21.62,0,3.8,257.99,1.13
22.24,0,3.93,10.94,1.03
23.38,0,3.84,22.12,1.02
23.93,0,3.91,272.23,1.15
-24.2,0,4.7,59.18,0.92
-23.3,0,4.79,261.17,1.09
-22.48,0,4.83,60.15,0.98
-21.68,0,4.72,222.63,1.21
-20.68,0,4.8,231.18,0.95
-20.16,0,4.68,123.1,0.98
-19.12,0,4.92,239.18,1.18
-18.39,0,4.87,288.76,0.95
-17.66,0,4.61,163.12,0.95
-16.64,0,4.6,250.26,0.91
-16.08,0,4.63,149.45,1.07
-15.34,0,4.9,45.57,1.09
-14.4,0,4.63,221.23,1.16
-13.54,0,4.82,239.37,1.15
-12.62,0,4.95,153.55,1.04
-11.87,0,4.95,36.46,1.11
-11.09,0,4.99,339.13,0.97
-10.25,0,4.76,35.33,1.15
-9.47,0,4.82,324.68,0.89
-8.67,0,4.92,50.02,1.21
-7.93,0,4.61,131,1.03
-7.39,0,5,201.44,1.15
-6.45,0,4.86,108.35,0.89
-5.56,0,4.68,102.05,1.03
-4.59,0,4.91,283.65,0.95
-3.88,0,4.95,280.88,0.92
-2.99,0,4.94,5.57,0.91
-2.34,0,4.86,356.88,0.92
-1.51,0,4.78,293.21,1.14
-0.8,0,4.87,223.86,1.15
-0.04,0,4.65,315.32,0.95
0.63,0,4.62,69.37,1.08
1.5,0,4.78,12.21,0.9
2.19,0,4.98,61.4,1.15
3.1,0,4.7,159.51,0.95
4.19,0,4.79,55.3,1.14
4.87,0,4.66,109.51,0.92
5.56,0,4.81,345.65,0.99
6.24,0,4.59,289.16,1.1
7.4,0,4.84,4.29,1.19
8.06,0,4.77,293.48,0.95
8.84,0,4.98,44.65,1.15
9.51,0,4.6,182.43,0.96
10.29,0,4.76,297.77,1.2
11.4,0,4.64,192.24,1.19
12.11,0,4.62,63.9,1.14
12.8,0,4.89,334.24,0.88
13.44,0,4.81,292.01,1.11
14.29,0,4.81,204.49,1.06
15.27,0,4.99,55.39,1.13
15.81,0,4.81,300.75,1.01
16.6,0,4.89,35.86,1.12
17.46,0,4.96,240.33,1.17
18.21,0,4.63,49.8,1.08
19.1,0,4.62,253.81,1.18
19.79,0,4.64,235.99,1.14
20.68,0,4.94,357.42,1.12
21.75,0,4.71,99.29,0.89
22.6,0,4.93,314.88,0.97
23.09,0,4.92,266.98,1.14
24.05,0,4.68,298.49,0.97
-23.85,0,5.79,223.27,0.93
-23.24,0,5.81,101.06,1.08
-22.5,0,5.5,260.24,1.2
-21.45,0,5.42,66.11,0.94
-20.7,0,5.56,313.64,1.18
-19.96,0,5.66,322.89,0.96
-19.32,0,5.76,123.87,1.04
-18.48,0,5.78,102.74,1.15
-17.69,0,5.56,333.28,0.97
-16.92,0,5.74,108.5,1.17
-16.2,0,5.68,279.9,1.12
-15.37,0,5.79,140.11,0.94
-14.36,0,5.63,12.63,0.95
-13.67,0,5.79,238.49,0.95
-12.99,0,5.55,338.95,1.05
-11.94,0,5.73,99.06,0.99
-11,0,5.78,228.96,1.04
-10.55,0,5.78,346.62,1.18
-9.77,0,5.4,310.79,1.19
-8.65,0,5.47,58.16,0.97
-8,0,5.46,310.19,1.14
-7.03,0,5.42,162.7,1
-6.3,0,5.69,75.56,1.17
-5.43,0,5.72,72.87,0.95
-4.84,0,5.58,263.36,0.93
-4.08,0,5.78,12.6,1.11
-3.16,0,5.45,35.99,0.99
-2.57,0,5.7,126.08,1.17
-1.72,0,5.67,4.53,1.04
-0.61,0,5.61,147.9,1.18
-0.01,0,5.51,263.24,1.02
0.89,0,5.44,358.99,0.99
1.73,0,5.67,183.11,1.01
2.38,0,5.39,344.2,1.07
3.05,0,5.47,55.52,1.14
4.2,0,5.44,91.22,1.22
4.74,0,5.54,225.43,0.96
5.72,0,5.7,87.79,1.18
6.21,0,5.74,243.03,0.89
7.07,0,5.65,347.68,1.04
7.85,0,5.72,181.55,1.02
8.69,0,5.79,144.42,0.95
9.69,0,5.57,120.95,1.14
10.34,0,5.66,327.93,1
11.01,0,5.7,19.89,1
12,0,5.72,190.79,0.91
12.77,0,5.65,123.92,1.09
13.53,0,5.78,137.37,1.06
14.28,0,5.67,222.32,0.95
15.25,0,5.74,269.19,1.02
16.19,0,5.57,181.08,1
16.75,0,5.59,187.49,1.02
17.78,0,5.53,350.68,1.03
18.43,0,5.64,353.19,1.01
19.1,0,5.56,0.74,1.09
20.05,0,5.72,313.98,1.14
20.61,0,5.73,200.11,1.11
21.4,0,5.69,259.67,0.95
22.61,0,5.66,149.36,0.91
23.1,0,5.47,251.46,1.2
23.83,0,5.79,249.32,0.88
-23.8,0,6.58,347.16,1.09
-23.12,0,6.29,335.81,0.95
-22.26,0,6.24,288.91,0.94
-21.58,0,6.49,101.89,1.08
-20.63,0,6.54,133.94,0.95
-19.96,0,6.51,162.4,1.19
-19.33,0,6.57,34.64,0.9
-18.31,0,6.21,185.51,1.11
-17.77,0,6.55,292.29,0.92
-16.65,0,6.59,357.93,1.15
-15.88,0,6.4,137.78,1.17
-15.06,0,6.29,189.84,1.07
-14.23,0,6.24,12.16,0.97
-13.57,0,6.39,143.85,0.95
-12.81,0,6.21,153.78,1.15
-12.15,0,6.55,178.47,1.14
-11.15,0,6.25,28.59,1.11
-10.23,0,6.26,263.49,1.21
-9.46,0,6.44,152.48,0.91
-8.85,0,6.44,26.95,1.2
-8.05,0,6.42,59.25,1.08
-7.4,0,6.29,35.98,1.09
-6.41,0,6.45,230.67,1.15
-5.59,0,6.28,226.83,1.19
-5,0,6.44,90.01,1.12
-4.14,0,6.54,228.55,1.13
-3.25,0,6.22,155.81,1.21
-2.58,0,6.32,296.29,1.19
-1.4,0,6.39,148.46,1.09
-0.72,0,6.57,272.48,1.01
-0.2,0,6.39,77.53,0.98
0.81,0,6.58,165.56,1.1
1.79,0,6.4,29.81,1.14
2.33,0,6.34,278.09,1.06
3.37,0,6.37,75.55,1.21
4.13,0,6.24,196.27,0.94
4.92,0,6.5,297.31,0.89
5.72,0,6.2,81.28,0.92
6.55,0,6.56,242.27,1.12
7.25,0,6.33,82.16,1.03
8.04,0,6.53,7.15,1.07
8.68,0,6.21,202.27,1.09
9.69,0,6.56,248.57,0.98
10.48,0,6.52,200.83,1.19
11.38,0,6.21,186.73,1.14
11.83,0,6.37,302.84,1.2
12.71,0,6.6,332.36,1.03
13.68,0,6.22,325.03,1.08
14.27,0,6.51,129.46,0.88
15.03,0,6.6,339.74,1.13
15.87,0,6.28,112.59,1.19
16.73,0,6.59,153.41,0.9
17.53,0,6.51,275.07,1.08
18.53,0,6.38,125.17,0.94
19.39,0,6.23,102.73,0.97
19.84,0,6.23,327.92,1.1
21,0,6.24,32.47,1.2
21.57,0,6.42,292.47,1.2
22.24,0,6.52,213.74,1.18
23.04,0,6.58,215.22,0.99
24.02,0,6.56,48.2,1.2
-24.08,0,7.13,277.59,1.13
-23.24,0,7.07,19.5,0.88
-22.32,0,7.28,219.38,0.91
-21.68,0,7.27,336.63,0.96
-20.65,0,7.2,221.23,1.14
-19.81,0,7.33,169.39,0.89
-19.05,0,7.18,17,0.89
-18.4,0,7.39,255.88,0.97
-17.4,0,7.4,115.28,1.1
-16.87,0,7.14,189.3,0.96
-16,0,7.33,87.68,1.02
-15.34,0,7.21,207.81,1.03
-14.19,0,7.15,170.14,0.9
-13.7,0,7.14,355.63,1.05
-12.65,0,7.3,315.83,1.2
-12.15,0,7,189.24,1.13
-11,0,7.14,37.18,0.99
-10.46,0,7.11,321,1.05
-9.4,0,7.15,102.85,0.93
-8.77,0,7.01,308.05,1
-7.84,0,7.24,12.67,0.92
-7.21,0,7.27,359.83,1.09
-6.2,0,7.34,287.38,1.08
-5.61,0,7.23,36.05,1.04
-4.9,0,7.2,156.91,1.16
-4.04,0,7.09,30.69,1.12
-3.21,0,7.4,29.6,1.18
-2.58,0,7.34,330.46,1.15
-1.44,0,7.22,22.56,1.06
-0.59,0,7.16,93.17,0.99
-0.06,0,7.2,124.42,1.06
0.79,0,7.11,9.31,1.01
1.5,0,7.33,315.66,0.91
2.45,0,7.01,333.34,1.1
3.21,0,7.13,230.65,1.05
4.03,0,7.04,195.65,0.93
4.97,0,7.41,254.91,1.2
5.61,0,7.23,171.55,1.17
6.29,0,7.04,167.63,1.2
7.37,0,7.22,81.69,0.94
8.19,0,7.28,222.55,0.97
8.99,0,7.34,65.4,1.17
9.65,0,7.17,7.54,1.11
10.51,0,7.3,266.11,0.96
11.39,0,7.07,224.71,1.05
12.04,0,7.03,313.51,1.12
12.73,0,6.99,300.55,1.05
13.63,0,7.41,267.14,1.21
14.23,0,7.18,204.94,1.18
15.2,0,7.11,67.46,0.9
16.13,0,7.35,118.64,0.91
16.82,0,7.33,35.83,1.05
17.55,0,7.08,353.48,1.12
18.58,0,7.3,213.01,1.17
19.34,0,7.37,327.25,1.2
19.79,0,7.28,100.83,1.09
20.88,0,7.01,204.83,0.98
21.46,0,7.35,269.1,1.1
22.19,0,7.22,241,1.13
23.31,0,7.32,61.41,1.06
24.17,0,7.13,44.35,1
-24.2,0,7.81,13.23,1
-23.05,0,8.09,21.93,1.08
-22.45,0,7.89,21.37,0.93
-21.57,0,8.09,148.93,1.04
-20.91,0,8.12,115.56,1.06
-20.01,0,7.93,249.4,1.01
-19.38,0,8.15,36.85,0.9
-18.3,0,7.95,14,1.11
-17.58,0,8.18,213.81,1.1
-17,0,7.88,157.75,1.04
-15.88,0,7.86,97.53,1.14
-15.2,0,8.01,55.39,0.89
-14.46,0,8.08,104.59,0.92
-13.8,0,8.04,313.16,1.11
-12.86,0,8.07,102.5,0.88
-11.95,0,7.8,304.89,0.88
-11.33,0,7.95,208.36,1.1
-10.56,0,8.11,167.63,0.89
-9.66,0,8.15,262.83,0.99
-8.99,0,8.18,314.04,1.06
-7.91,0,7.82,246.29,0.9
-7.37,0,8.18,234.46,1.21
-6.58,0,8.17,105.33,1
-5.42,0,7.97,308.47,1.15
-4.88,0,7.9,206.75,0.92
-3.81,0,8,328.9,1.08
-3.32,0,7.9,274.83,0.93
-2.24,0,8.02,227.22,1.03
-1.48,0,8.1,108.54,1.06
-0.87,0,8.12,331.01,0.97
0.1,0,8.05,208.81,0.95
0.79,0,7.84,36.25,1.19
1.81,0,8.19,359.61,1.15
2.34,0,8.11,210.06,0.95
3.05,0,7.83,298.96,1.16
3.86,0,8,31.74,1.05
4.71,0,8.15,201.35,0.94
5.44,0,7.92,162.05,1.06
6.34,0,7.91,132.57,0.99
7.38,0,8.08,39.05,0.92
7.86,0,8.14,58.39,1.19
8.82,0,8.14,29.02,0.89
9.46,0,7.83,141.52,0.96
10.6,0,7.83,43.37,0.96
11.21,0,7.82,340.29,1.09
12.02,0,8.18,286.53,1.11
12.8,0,7.99,160.79,0.9
13.56,0,7.9,95.93,1.04
14.6,0,8.09,238.87,0.99
15.13,0,7.86,342.52,1.03
16.12,0,8.01,6.57,0.89
16.98,0,7.88,199.82,0.97
17.46,0,7.84,288.21,1.17
18.5,0,8,199.53,0.96
19.01,0,7.99,150.84,0.91
19.95,0,7.8,227.74,1.19
20.94,0,8.18,89.54,0.96
21.57,0,8.13,331.84,1
22.24,0,8,298.91,0.89
23.37,0,8.11,275.8,0.98
24.18,0,7.87,314.31,0.97
-24.02,0,8.76,254.63,1.05
-23.34,0,8.77,99.21,1.17
-22.3,0,8.96,15.52,1.14
-21.43,0,8.63,66.64,1.21
-20.6,0,8.72,294.98,1.01
-20.13,0,8.77,265.59,0.96
-19.13,0,8.81,122.7,0.97
-18.31,0,8.65,55.39,0.95
-17.74,0,8.74,166.95,1.03
-16.91,0,8.91,26.77,0.88
-15.99,0,8.62,221.02,0.96
-15.21,0,8.62,45.15,1.15
-14.36,0,8.92,114.64,1.09
-13.65,0,8.8,29.07,0.88
-12.73,0,8.79,298.88,1.1
-12.18,0,8.59,51.01,1.09
-11.11,0,8.95,214.5,1.06
-10.34,0,8.91,271.39,0.95
-9.71,0,8.93,305.17,0.92
-8.66,0,8.8,277.99,1.08
-8.04,0,8.82,246.05,1.2
-7.07,0,8.82,295.13,1.1
-6.49,0,8.78,273.48,1.14
-5.42,0,8.77,334.34,1.06
-4.62,0,9.01,189.66,1.09
-4.01,0,8.83,55.65,1.16
-3.4,0,8.64,134.35,1.07
-2.34,0,8.99,68.42,0.94
-1.52,0,8.69,83.39,1.06
-0.87,0,8.68,288.11,0.94
-0.2,0,8.98,96.7,0.94
1.01,0,9.01,102.75,1.15
1.76,0,8.73,71.43,1.16
2.59,0,8.65,38.11,1.16
3.15,0,8.95,323.31,1.12
3.86,0,8.7,2.9,0.99
4.7,0,8.83,23.45,1.11
5.48,0,8.75,71.99,1.12
6.27,0,8.74,213.48,1.06
7.12,0,8.99,301.34,0.89
8.14,0,8.83,246.88,0.99
8.91,0,8.74,77.53,1.06
9.45,0,8.76,52.43,1.04
10.32,0,8.63,2.91,1.14
11.38,0,8.99,334.58,1.02
12.18,0,8.84,214.35,1.05
12.64,0,8.79,225.7,1.09
13.62,0,8.83,183.25,1.02
14.2,0,8.95,318.91,1.08
15.23,0,8.88,203.32,1.18
15.94,0,8.81,195.74,1.15
16.69,0,8.9,143.02,0.92
17.53,0,8.93,221.54,1
18.2,0,8.77,39.18,0.95
19.4,0,8.67,71.58,0.97
20.1,0,8.84,354.5,1.08
20.97,0,8.89,164.21,1.03
21.48,0,8.76,74.44,0.96
22.35,0,8.6,18.12,1.02
23.02,0,8.93,86.81,1.01
23.83,0,8.81,98.4,1.13
-23.81,0,9.45,140.85,1.08
-23.09,0,9.67,223.29,1.01
-22.41,0,9.51,56.59,1.14
-21.58,0,9.8,323.03,1.06
-20.9,0,9.79,323.66,1.2
-19.95,0,9.55,353.57,0.88
-19.25,0,9.69,56.99,0.94
-18.21,0,9.73,66.09,0.95
-17.67,0,9.49,226.63,1.14
-16.87,0,9.75,252.69,1.06
-15.88,0,9.74,274.07,0.91
-15.04,0,9.51,313.09,0.91
-14.23,0,9.69,44.29,0.93
-13.55,0,9.53,46.07,1.08
-12.94,0,9.55,79.42,0.9
-12,0,9.58,148.79,1.11
-11.36,0,9.78,157.26,0.98
-10.47,0,9.45,71.77,1.02
-9.71,0,9.54,50.27,1.14
-8.75,0,9.76,44.8,0.91
-7.86,0,9.42,99.77,0.96
-7.12,0,9.41,214,1.21
-6.56,0,9.41,214.2,1.2
-5.54,0,9.66,10.7,1
-4.83,0,9.42,352.59,1.2
-3.85,0,9.63,271.53,1.14
-3.19,0,9.69,325.55,0.97
-2.52,0,9.54,348.49,0.97
-1.7,0,9.45,78.27,1.03
-0.94,0,9.46,0.94,0.9
-0.06,0,9.58,63.16,0.98
0.82,0,9.5,275.87,1.08
1.53,0,9.72,126.49,1.06
2.57,0,9.47,84.96,0.97
3.12,0,9.61,262.34,1.21
3.85,0,9.53,281.19,1.14
4.63,0,9.53,242.03,1.05
5.57,0,9.64,66.26,0.97
6.22,0,9.77,212.58,1.01
7.16,0,9.59,77.04,0.97
8.19,0,9.52,335.49,1.02
8.59,0,9.57,128.05,0.91
9.77,0,9.79,47.38,1.1
10.38,0,9.41,337.34,0.88
11.27,0,9.56,72.11,0.95
12.04,0,9.5,55.7,1.13
12.84,0,9.43,162.87,0.88
13.64,0,9.74,307.06,1.17
14.32,0,9.59,6.75,1.16
15.16,0,9.54,274.42,1.1
16.2,0,9.64,219.18,1.04
16.78,0,9.62,292.21,0.89
17.8,0,9.63,261.19,1.22
18.3,0,9.81,239,1.11
19.06,0,9.47,290.05,1.19
20.2,0,9.54,172.81,0.9
20.64,0,9.51,124.07,1.21
21.4,0,9.44,220.87,0.98
22.46,0,9.62,89.75,1.22
23.26,0,9.68,104.07,0.9
23.91,0,9.56,12.35,0.89
-24.16,0,10.55,206.58,0.99
-23.07,0,10.33,237.04,0.95
-22.37,0,10.55,237.48,1.09
-21.76,0,10.42,130.57,0.94
-20.93,0,10.55,7.92,1.17
-19.81,0,10.37,122.8,1.12
-19.1,0,10.47,14.22,1.04
-18.23,0,10.5,222.19,1.08
-17.68,0,10.38,340.76,0.96
-16.71,0,10.2,55.39,1.11
-16.02,0,10.36,266.35,1.15
-15.03,0,10.45,316.67,0.91
-14.48,0,10.24,316.34,1.03
-13.65,0,10.27,20.72,1.11
-12.79,0,10.55,203.08,0.93
-12.09,0,10.27,112.78,1.16
-11.31,0,10.23,109.38,1.1
-10.36,0,10.24,162.24,0.93
-9.52,0,10.33,141.6,1.07
-8.72,0,10.42,295.18,0.92
-7.88,0,10.58,56.82,1.14
-7.05,0,10.26,66.1,0.93
-6.44,0,10.3,261.23,1.17
-5.61,0,10.19,143.22,0.97
-4.97,0,10.57,197.66,1.16
-4.07,0,10.28,179.46,0.95
-3.13,0,10.49,269.41,0.9
-2.28,0,10.4,2.86,1.21
-1.79,0,10.38,126.87,1
-1,0,10.42,349.59,0.9
0.17,0,10.26,91.37,1
0.75,0,10.44,246.4,1.11
1.78,0,10.24,170.61,1.14
2.19,0,10.19,284.45,1.07
3.17,0,10.59,37.11,0.93
3.97,0,10.24,124.8,1.19
4.69,0,10.51,293.94,0.89
5.67,0,10.21,92.26,1.07
6.59,0,10.39,326.48,0.93
7.4,0,10.25,293.08,0.91
7.81,0,10.22,43.4,1.11
8.6,0,10.29,348.97,0.89
9.67,0,10.52,328.03,0.9
10.37,0,10.54,229.11,1.14
11.34,0,10.34,35.51,1.1
12.12,0,10.47,7.73,1.18
12.95,0,10.58,298.63,1.06
13.43,0,10.46,214.35,0.98
14.25,0,10.2,34.42,1
14.99,0,10.47,318.38,0.88
16.12,0,10.52,131.29,1.18
16.65,0,10.27,41.73,0.92
17.75,0,10.25,120.24,1.09
18.21,0,10.27,107.81,1.01
19.01,0,10.29,293.64,0.91
19.96,0,10.38,332.71,0.89
20.67,0,10.45,334.7,1.02
21.7,0,10.31,276.65,0.93
22.38,0,10.23,305.95,1.22
23.11,0,10.25,271.64,1.11
24.13,0,10.49,240.97,1.21
-24.08,0,11.4,84.53,1.21
-23.11,0,11.29,113.13,1.14
-22.25,0,11.32,217,0.99
-21.45,0,11.13,245.23,1.05
-20.9,0,11.29,130.41,1.07
-20.06,0,11.07,57.34,1.21
-19.27,0,11.12,28.87,1.19
-18.41,0,11.05,104.63,1.11
-17.48,0,11.39,260.95,0.95
-16.85,0,11.4,246.01,0.89
-15.81,0,11.41,105.2,1.11
-15.21,0,11.21,45.42,1.21
-14.41,0,11.09,148.87,0.91
-13.66,0,11.03,219.15,0.92
-12.67,0,11.1,227.42,1.02
-11.94,0,11.17,107.75,1.12
-11.2,0,11.38,198.17,1.19
-10.35,0,11.18,44.66,0.98
-9.8,0,11.13,219.75,1.01
-8.64,0,11.19,172.8,1.16
-8.13,0,11.04,154.58,0.96
-7.1,0,11.07,114.74,1.11
-6.47,0,11.25,145.79,0.92
-5.67,0,11.1,138.36,1.07
-4.72,0,11.23,65.38,1.07
-3.8,0,11.08,122.9,0.88
-3.36,0,11.04,27.91,0.89
-2.41,0,11.09,80.26,0.99
-1.48,0,11.33,84.02,1.06
-0.6,0,11.02,353.29,0.98
0.04,0,11.35,204.76,0.88
0.61,0,10.99,342.36,1.14
1.79,0,11.02,243.76,0.99
2.32,0,11.37,304.63,1.21
3.32,0,11.17,41.64,1.09
3.84,0,11.11,71.46,0.92
4.75,0,11.02,118.51,1.06
5.4,0,11.36,200.53,1.09
6.44,0,11.36,346.58,0.91
7.26,0,11.13,341.07,0.92
7.86,0,11.12,24.83,1.02
8.83,0,11.37,11.09,1.18
9.8,0,11.1,263.81,1.07
10.59,0,11.15,69.64,0.98
11.27,0,11.18,222.83,1.21
12.07,0,11.17,260.3,0.91
12.8,0,11.01,257.15,1.02
13.79,0,11.3,116.49,1.03
14.39,0,10.99,155.46,1.15
15.08,0,11.32,195.86,1.04
15.81,0,11.18,196.11,1.14
16.65,0,11.41,244.26,0.96
17.68,0,11.27,156.44,0.94
18.49,0,11.39,157.24,1.13
19.24,0,11.4,328.44,1.05
19.87,0,11.24,331.77,0.96
20.99,0,11.11,31.15,1.2
21.79,0,11.16,29.33,1.18
22.58,0,11.05,338.87,0.96
23.36,0,11.39,341.71,1.06
23.95,0,11.2,267.21,0.98
-24.08,0,11.85,262.66,1.05
-23.17,0,12.08,69.59,0.96
-22.25,0,11.8,100.91,1.03
-21.59,0,11.92,298.13,1.17
-20.63,0,12.1,100.62,0.98
-19.97,0,12.02,94.34,1.08
-19.4,0,11.88,307.02,1.1
-18.6,0,11.96,51.01,1.12
-17.45,0,12.05,330.32,1.15
-16.78,0,12.03,137.18,0.97
-16.12,0,12.14,8.67,1.18
-15.05,0,12,247.55,1.07
-14.56,0,11.83,218.85,1.1
-13.72,0,11.98,260.3,1.14
-12.64,0,11.86,176.95,1
-11.86,0,12.02,75.03,1.04
-11.04,0,12.03,206.21,1.19
-10.44,0,11.8,105.6,0.99
-9.66,0,11.8,25.69,1.13
-8.79,0,11.95,256.26,1.06
-7.99,0,11.91,186.48,1.2
-7.08,0,12,177.45,1.02
-6.23,0,11.85,330.88,1.02
-5.78,0,11.8,149.37,1.1
-4.75,0,12.02,359.07,0.98
-3.82,0,12.12,62.11,0.91
-3.07,0,11.9,103.83,0.94
-2.45,0,12.2,87.75,1.05
-1.62,0,12.2,296,1.07
-1,0,11.9,244.26,1.01
-0.18,0,11.86,2.71,0.96
0.64,0,12.16,90.99,0.99
1.65,0,11.96,37.62,1.21
2.35,0,11.97,210.8,1.13
3.04,0,11.97,46.52,1.06
3.88,0,11.92,4.03,1.19
4.97,0,11.96,344.76,0.92
5.48,0,12.15,226.1,1
6.56,0,12.05,73.45,1.14
7.31,0,12.18,355.18,1.19
7.8,0,12.2,206.38,1.21
8.96,0,11.91,46.27,0.89
9.55,0,11.82,161.29,1.09
10.25,0,11.86,62.33,1.14
11.06,0,11.83,121.66,1.12
12.18,0,11.85,40.01,1.14
12.92,0,12.1,31.44,1.14
13.48,0,12.14,352.17,0.94
14.37,0,11.88,178.08,0.96
15.3,0,11.8,10.78,1.09
15.91,0,12.18,258.72,0.93
16.76,0,11.8,76.65,1.12
17.57,0,11.97,216.4,1.11
18.44,0,11.91,352.59,1.18
19.35,0,12.13,70.18,0.93
19.87,0,11.94,287.08,1.07
20.63,0,11.9,63.16,1.2
21.67,0,12.18,14.53,0.92
22.22,0,12.09,148.09,1.22
23.17,0,12.2,123.63,1.14
24.01,0,11.95,118.9,1.15
-24.12,0,12.72,214.14,0.93
-23.31,0,12.85,139.69,1.19
-22.26,0,12.97,157.95,1.19
-21.75,0,12.65,14.81,0.93
-20.66,0,12.71,16.8,1.05
-20.05,0,12.79,220.65,1.18
-19.04,0,13,161.53,1.18
-18.41,0,12.77,216.62,1.16
-17.8,0,12.59,122.54,1.15
-16.73,0,12.6,249.35,0.9
-15.98,0,12.64,104.34,0.94
-15.3,0,12.79,307.25,0.97
-14.22,0,12.67,332.43,0.97
-13.67,0,12.93,145.14,1.13
-12.72,0,12.89,95.67,0.97
-12.14,0,12.8,157.87,1.02
-11.29,0,12.85,321.28,0.93
-10.27,0,12.69,170.82,1.16
-9.56,0,13.01,349.1,0.97
-8.93,0,12.78,219.91,1.01
-8.16,0,12.66,341.24,0.97
-7.2,0,12.74,177.51,0.95
-6.36,0,12.84,37.85,1.2
-5.49,0,12.78,316.28,0.89
-4.72,0,12.96,316.19,1.1
-3.96,0,12.89,164.78,1.11
-3.11,0,12.64,237.11,0.99
-2.25,0,12.65,203.68,0.96
-1.77,0,12.96,43.58,1.22
-0.78,0,12.66,325.01,1.2
-0.16,0,12.88,192.2,0.96
0.65,0,12.81,16.68,0.93
1.44,0,12.98,207.44,0.98
2.43,0,12.99,286.47,1.02
3.29,0,12.7,199.37,1.01
4.08,0,12.66,129.18,1.04
4.6,0,12.95,306.59,1.18
5.52,0,12.96,171.27,1.06
6.6,0,12.98,188.09,1.19
7.07,0,12.69,195.83,0.95
7.82,0,12.8,75.25,1.19
8.83,0,12.7,245.33,0.93
9.42,0,12.89,99,0.98
10.44,0,12.8,89.17,1.21
11.13,0,12.62,71.6,0.98
12.07,0,12.66,299.15,0.96
12.78,0,12.61,116.64,1.09
13.57,0,12.96,82.84,1.04
14.49,0,12.74,118.17,0.94
15.39,0,12.78,323.52,1.14
15.86,0,12.89,292.16,1.09
16.85,0,12.67,330.97,1.04
17.68,0,12.83,212.23,0.92
18.2,0,12.7,193.62,1.19
19.27,0,13,163.81,1.05
20.18,0,12.61,253.16,0.95
20.79,0,12.92,208.52,0.97
21.47,0,12.62,2.13,1.18
22.26,0,12.77,37.9,1.21
23.13,0,12.68,224.91,0.98
23.84,0,12.95,337.12,1.18
-24.09,0,13.44,161.92,1.04
-23.07,0,13.57,182.88,1.21
-22.19,0,13.55,296.06,0.92
-21.81,0,13.65,48.51,1.16
-20.76,0,13.67,103.96,1.09
-19.98,0,13.69,338.05,1.08
-19.34,0,13.63,203.55,1.04
-18.46,0,13.46,137.95,0.91
-17.76,0,13.74,325.07,1
-16.87,0,13.44,161.02,1.14
-15.98,0,13.4,320.91,1.15
-15.15,0,13.8,342.69,1.13
-14.57,0,13.73,245.22,1.04
-13.57,0,13.52,116.56,1.08
-12.93,0,13.75,108.4,0.96
-11.85,0,13.41,227.33,1.16
-11.41,0,13.7,1.59,0.94
-10.31,0,13.72,172.54,1.04
-9.72,0,13.61,26.11,1.06
-8.67,0,13.45,353.87,0.94
-7.95,0,13.74,134.71,1.07
-7.2,0,13.77,186.89,1.16
-6.4,0,13.52,64.79,1.05
-5.46,0,13.48,327.26,1.05
-4.84,0,13.42,283.06,1.18
-3.8,0,13.71,5.95,0.98
-3.27,0,13.48,91.98,0.89
-2.51,0,13.72,275.57,0.89
-1.45,0,13.44,217.11,0.89
-0.73,0,13.43,115.87,0.91
-0.12,0,13.47,244.93,1.01
0.84,0,13.81,236.09,1.22
1.65,0,13.63,49.32,1.13
2.34,0,13.43,70.29,1.17
3.33,0,13.42,78.75,0.98
4.07,0,13.59,206.19,1.12
4.82,0,13.45,222.98,1.12
5.65,0,13.76,298.56,0.98
6.51,0,13.68,237.18,1.15
7.03,0,13.65,256.63,0.99
8.02,0,13.5,151.76,1.11
8.87,0,13.4,238.8,1.14
9.78,0,13.7,70.8,1.09
10.55,0,13.4,154.64,1.13
11.25,0,13.8,302.11,1.03
11.95,0,13.79,138.42,1.13
12.9,0,13.74,355.11,1.11
13.58,0,13.56,276.16,0.95
14.34,0,13.76,266.72,1.02
15.01,0,13.77,18.22,1.06
16,0,13.75,273.91,1.17
16.88,0,13.48,157.75,1.13
17.5,0,13.78,57.82,0.92
18.52,0,13.5,346.85,1.08
19.36,0,13.68,335.1,1.16
19.81,0,13.81,113.92,1.06
21,0,13.39,92.52,1.21
21.51,0,13.4,244.74,1.12
22.58,0,13.52,343.9,1.06
23.07,0,13.61,10.56,1.06
23.95,0,13.5,143.11,1.06
-24.1,0,14.46,148.4,0.91
-23.02,0,14.26,189.77,1
-22.2,0,14.28,177.12,1.05
-21.58,0,14.29,319.98,1.12
-20.61,0,14.38,154.78,0.96
-20.11,0,14.38,70.11,1.04
-19.28,0,14.38,138.38,1
-18.33,0,14.36,156.03,1.14
-17.56,0,14.52,96.69,0.99
-16.76,0,14.26,23.07,0.93
-16,0,14.32,268.45,1.12
-15.07,0,14.38,351.28,1.21
-14.35,0,14.33,200.26,1.2
-13.46,0,14.26,102.87,1.16
-12.82,0,14.58,277.18,1.04
-11.89,0,14.26,250.17,1.07
-11.08,0,14.49,321.17,1.13
-10.2,0,14.43,38.77,1.15
-9.65,0,14.31,265.62,1.19
-8.72,0,14.4,236.64,1.17
-8.01,0,14.37,262.09,0.99
-7.05,0,14.4,337.98,1.03
-6.4,0,14.38,314.46,1.1
-5.64,0,14.44,131.85,0.99
-4.75,0,14.27,326.35,0.91
-3.97,0,14.28,356.02,0.9
-3.32,0,14.51,197.6,1.06
-2.43,0,14.34,40.83,1.21
-1.69,0,14.58,359.98,1
-0.82,0,14.34,253.81,0.98
0.12,0,14.38,88.3,1.05
0.88,0,14.38,138.94,1.15
1.78,0,14.36,108,1.05
2.44,0,14.42,100.26,0.96
3.17,0,14.47,38.66,0.91
4.19,0,14.36,7.83,0.93
4.74,0,14.57,133.34,1.04
5.64,0,14.2,319.76,0.97
6.39,0,14.45,114.8,0.92
7.4,0,14.39,137.33,1.14
7.95,0,14.51,221.3,0.88
8.62,0,14.44,132.38,1.13
9.66,0,14.51,328.54,1.15
10.3,0,14.45,126.23,1.01
11.17,0,14.23,60.36,1.14
11.83,0,14.57,74.16,1.19
12.81,0,14.21,11.36,1.21
13.49,0,14.26,95.47,1.21
14.31,0,14.33,254.75,0.95
15.32,0,14.19,28.28,1.13
16.02,0,14.46,303.17,1.16
16.63,0,14.23,2.62,1.17
17.5,0,14.58,249.26,1.18
18.32,0,14.45,245.52,1.04
19.22,0,14.49,178.06,0.89
20.03,0,14.35,173.46,1.04
20.8,0,14.59,181.61,1.19
21.77,0,14.26,215.96,1.02
22.2,0,14.37,80.52,1.03
23.02,0,14.34,288.46,1.02
23.8,0,14.26,259.56,0.98
-24.01,0,15.15,234.19,1.11
-23.13,0,15.09,233.95,0.91
-22.39,0,15.01,62.27,0.93
-21.74,0,15.14,125.78,0.93
-20.76,0,15.03,343.78,0.92
-20.07,0,15.1,306.65,1.18
-19.25,0,15.09,150.56,0.94
-18.23,0,15.02,357.46,1.02
-17.53,0,15.06,6.83,0.91
-16.88,0,15.34,93.24,1.11
-16,0,15.21,326.21,1.21
-15.3,0,15.02,97.54,1.12
-14.6,0,15.26,292.45,1.2
-13.72,0,15.25,348.07,0.95
-12.78,0,15.31,101.44,1.02
-11.87,0,15.19,61.16,1.03
-11.38,0,15.31,177.86,1.22
-10.47,0,15.09,305.69,1.14
-9.46,0,15.11,215.18,1.16
-8.86,0,15.36,227.76,0.99
-7.8,0,15.29,57.08,0.97
-7.3,0,15.01,68.21,0.9
-6.52,0,15.34,203.14,1.06
-5.58,0,15.35,312.75,0.89
-4.86,0,15.19,327.5,1.04
-3.97,0,15.11,130.67,1.14
-3.07,0,15.01,38.48,1.2
-2.6,0,15.05,297.6,1.1
-1.75,0,15.39,158.2,0.91
-0.88,0,15.37,58.9,0.88
0.03,0,15.18,279.68,1.05
0.88,0,15.12,75.68,1.22
1.56,0,15.23,164.84,1.18
2.6,0,15.05,271.4,1.11
3.14,0,15.15,164.64,0.96
4.19,0,15.1,10.55,0.9
5.01,0,15.37,145.03,1.08
5.56,0,15.32,258.81,1.03
6.32,0,15.37,323.91,0.92
7.2,0,15.35,30.67,1.05
8.14,0,15.04,191.18,1.03
8.88,0,15.38,246.39,1.21
9.48,0,15.3,267.02,1.19
10.38,0,15.39,22.14,0.99
11.16,0,15.29,184.84,1.14
12.17,0,15.25,208.51,1.1
12.95,0,15,209.74,0.9
13.5,0,15.25,66.64,1.05
14.32,0,15.4,138.15,1.16
15.29,0,15.23,129.7,0.9
15.88,0,15.17,140.8,1.1
16.6,0,15.32,354.89,1
17.74,0,15.23,255,1.15
18.33,0,15.12,208,0.96
19.22,0,15.37,219.38,1.11
19.94,0,15.25,262.75,1.08
20.83,0,15.09,223.82,1.05
21.62,0,15.09,219.04,1.17
22.34,0,15.18,198.48,1.05
23.08,0,15.38,216.14,0.9
23.8,0,15.08,82.47,1.11
-23.82,0,15.96,59.97,1.22
-23.25,0,15.86,102.38,1.16
-22.2,0,16.08,257.02,1.09
-21.52,0,16.13,34.04,1.15
-20.94,0,16,291.27,1.09
-19.81,0,16.15,153.38,1.18
-19.09,0,15.83,359.96,1.09
-18.48,0,16.02,233.86,0.93
-17.65,0,15.81,235.29,0.94
-16.98,0,16.05,33.55,1.02
-15.81,0,16.12,315.61,1.11
-15.1,0,16.19,287.17,1.02
-14.26,0,16.13,316.91,1.06
-13.64,0,16.05,259.04,0.9
-12.6,0,15.91,84.98,0.98
-12.14,0,16.07,188.76,1.02
-11.4,0,16.03,80.4,1.1
-10.54,0,16.18,259.76,1.07
-9.64,0,15.96,235.19,0.94
-8.59,0,16.1,55.6,1.16
-8.09,0,16.04,285.86,1.05
-7.13,0,15.84,263.02,1.14
-6.47,0,16.04,68.71,1.15
-5.65,0,16.12,85.4,0.98
-4.9,0,15.99,233.69,0.93
-3.91,0,15.86,88.04,1.18
-3.37,0,15.93,44.38,1.22
-2.2,0,16.02,23.26,0.96
-1.76,0,15.97,4.25,1.07
-0.64,0,15.8,263.03,1.19
0.15,0,15.98,113.05,1.07
0.9,0,16.18,55.01,1.09
1.46,0,15.94,329.12,1.06
2.23,0,16.21,35.07,0.93
3.14,0,16.17,146.18,1
4.21,0,16.1,284.51,1.15
4.81,0,16.19,241.33,1.21
5.72,0,16.07,150.29,0.96
6.5,0,16.1,111.52,0.97
7.34,0,16.08,56.39,0.93
7.87,0,16,295.5,1.09
8.85,0,16.02,46.63,0.92
9.53,0,16.16,79.1,1.21
10.45,0,15.95,329.48,0.92
11.27,0,16.01,10.55,1.14
11.9,0,15.87,301.99,1.05
12.99,0,16.08,281.71,1
13.68,0,16.14,106.37,1.11
14.5,0,15.89,56.78,1.05
15.37,0,15.87,56.07,1.22
16.14,0,16.02,233.63,1.19
16.78,0,15.98,216.61,1
17.74,0,15.87,210.72,0.99
18.46,0,15.95,324.14,0.88
19.27,0,15.92,236.42,1.2
20.11,0,16.11,157.57,1.04
20.83,0,16.02,83.03,1.01
21.49,0,15.97,70.56,1.05
22.35,0,15.81,338.78,1.12
23.21,0,16.18,19.83,1.05
23.83,0,15.97,193.19,1.05
-24.1,0,17,5.66,1
-23.26,0,16.66,296.09,1.08
-22.39,0,16.68,82.66,0.9
-21.77,0,16.66,116.26,1.19
-20.92,0,16.68,42.03,1.02
-20.21,0,16.63,337.97,1.09
-19.23,0,16.67,169.07,1.13
-18.5,0,16.65,309.61,0.99
-17.71,0,16.99,81.63,1.08
-16.78,0,16.96,11.01,0.91
-15.96,0,16.84,344.89,0.93
-15.07,0,16.96,218.08,1
-14.35,0,16.66,103.68,1.17
-13.68,0,16.65,175.15,0.93
-12.99,0,16.76,331.21,0.93
-11.92,0,16.63,121.57,1.01
-11.26,0,16.97,299.08,0.93
-10.22,0,16.9,129.78,1
-9.73,0,16.61,285.97,1.02
-8.95,0,16.92,289.43,1.07
-7.97,0,16.63,42.56,0.92
-7.05,0,17.01,3.7,0.91
-6.42,0,16.62,198.64,0.93
-5.41,0,16.96,140.43,1.05
-4.9,0,16.84,291.41,1.19
-4.19,0,16.78,153.03,1.18
-3.08,0,16.99,240.57,0.97
-2.47,0,16.62,5.54,0.97
-1.56,0,16.74,208.19,1.08
-0.6,0,16.69,183.16,1
0.16,0,16.9,250.76,1.18
0.66,0,16.69,141.83,0.99
1.66,0,16.71,52.57,1.07
2.6,0,16.97,186.22,0.93
3.28,0,16.69,110.08,1.19
3.93,0,16.9,269.71,1.01
4.61,0,16.71,192.67,1.08
5.51,0,16.93,193.97,0.89
6.22,0,16.78,5.28,0.99
7.31,0,16.82,256.24,1.07
8.02,0,16.74,225.38,0.9
8.98,0,16.78,107.69,1.12
9.74,0,16.78,324.94,1.13
10.58,0,16.84,7.73,0.93
11.4,0,16.72,293.29,1.18
12.08,0,16.93,10.86,1.17
12.9,0,16.64,173.81,1.05
13.76,0,16.68,138.2,0.92
14.41,0,16.9,134.15,1.21
15.04,0,16.88,160.55,1.08
16.2,0,16.94,271.54,1.17
16.97,0,16.92,34.67,1.05
17.57,0,16.95,115.93,1.03
18.5,0,16.94,316.62,1.13
19.12,0,16.92,114.72,1.16
20.2,0,16.92,294.81,1.09
20.62,0,16.92,79.7,0.95
21.48,0,16.61,18.19,0.98
22.56,0,16.68,325.67,1.17
23.01,0,16.67,337.16,1.2
23.8,0,17.01,27.23,0.89
-23.84,0,17.79,137.96,1.12
-23.05,0,17.65,240.88,0.99
-22.46,0,17.66,223.93,0.95
-21.8,0,17.44,283.89,0.92
-20.77,0,17.77,98.71,1.02
-19.87,0,17.4,203.56,1.06
-19.02,0,17.4,253.2,0.93
-18.25,0,17.55,284.13,1.21
-17.51,0,17.72,268.48,0.92
-16.84,0,17.61,121.83,1.08
-16.06,0,17.7,335.7,0.96
-15.16,0,17.69,303.46,1.19
-14.44,0,17.73,133.23,0.92
-13.51,0,17.67,79.31,1.17
-12.85,0,17.75,281.24,1.16
-11.82,0,17.61,171.57,1.22
-11.06,0,17.66,174.63,0.96
-10.45,0,17.67,263.31,0.9
-9.57,0,17.68,11.38,0.91
-8.97,0,17.53,333.93,0.95
-8.13,0,17.72,266.71,0.89
-7.41,0,17.67,93.56,0.89
-6.37,0,17.76,261.95,1.06
-5.5,0,17.6,241.4,1.16
-4.9,0,17.78,142.14,1.2
-4.12,0,17.65,196.72,1.12
-3.38,0,17.52,200.93,0.89
-2.34,0,17.45,279.18,0.9
-1.42,0,17.63,235.7,0.93
-0.68,0,17.57,357.6,0.94
-0.05,0,17.58,233.83,1.05
0.99,0,17.47,111.99,0.9
1.4,0,17.47,298.49,0.93
2.58,0,17.8,355.58,1.07
3.09,0,17.4,345.39,1.11
3.84,0,17.48,140.64,1.03
4.63,0,17.67,217.01,0.94
5.75,0,17.61,13.74,1.16
6.59,0,17.48,206.01,1.14
7.4,0,17.41,275.64,1.18
7.79,0,17.6,8.58,1.03
8.72,0,17.65,44.12,1.21
9.64,0,17.43,326.32,1.14
10.39,0,17.52,24.07,0.93
11.01,0,17.48,140.25,0.97
12.04,0,17.45,75.29,1.04
12.66,0,17.4,75.09,1.12
13.56,0,17.48,211.12,0.94
14.3,0,17.42,244.52,1.09
15.07,0,17.79,42.99,1.04
16.02,0,17.66,211.27,1.14
16.85,0,17.5,119.39,1.1
17.45,0,17.56,257.06,1.14
18.47,0,17.59,104.02,1.17
19.11,0,17.62,102.47,0.98
19.96,0,17.56,200.7,1.01
20.8,0,17.69,183.36,1.02
21.65,0,17.58,345.43,0.92
22.23,0,17.77,262.18,1.2
23.22,0,17.58,309.02,1.18
24.08,0,17.63,202.2,1.22
-24,0,18.54,187.66,1.14
-23.08,0,18.53,115.28,1.1
-22.33,0,18.54,24.37,0.93
-21.77,0,18.28,87.43,1.19
-20.69,0,18.58,2.36,1.12
-20.02,0,18.44,235.64,1.14
-19.09,0,18.33,112.24,1.16
-18.32,0,18.35,218.76,1.17
-17.45,0,18.43,312.4,1.11
-16.92,0,18.5,221.02,1.16
-16.15,0,18.32,163.28,0.97
-15.06,0,18.44,310.66,0.99
-14.52,0,18.59,47.52,1.14
-13.57,0,18.55,192.19,1.19
-12.93,0,18.51,4.41,1.03
-12,0,18.39,350.95,0.97
-11.32,0,18.28,105.79,1.06
-10.46,0,18.43,251.2,0.89
-9.68,0,18.27,201.12,0.93
-8.95,0,18.35,329.36,0.94
-8.01,0,18.6,223.51,1.13
-7.3,0,18.55,99,1.21
-6.59,0,18.6,179.5,1.03
-5.51,0,18.26,112.73,1.1
-4.87,0,18.27,20,1.09
-4.09,0,18.34,354.66,1.1
-3.3,0,18.24,158.93,1.01
-2.48,0,18.35,271.43,1.15
-1.45,0,18.54,349.94,1.06
-0.65,0,18.29,2.42,1
0.19,0,18.32,173.15,1.01
0.62,0,18.3,106.92,0.93
1.76,0,18.57,297.15,1.21
2.33,0,18.32,316.28,0.92
3.41,0,18.6,167.26,0.93
3.96,0,18.57,242.29,1.1
4.68,0,18.48,210.04,1.18
5.47,0,18.52,282.55,0.91
6.27,0,18.48,238.39,1.21
7.35,0,18.44,208.92,1.22
8.13,0,18.31,178.87,1.02
8.82,0,18.52,169.82,1.07
9.79,0,18.54,192.48,1.18
10.52,0,18.55,344.78,0.9
11.26,0,18.54,61.26,1
12.08,0,18.36,344.52,0.91
12.64,0,18.5,281.25,1.1
13.66,0,18.57,95.48,1.01
14.36,0,18.39,121.83,0.92
15.16,0,18.3,35.3,1.02
15.89,0,18.2,332.5,1
16.7,0,18.57,104.97,0.99
17.7,0,18.45,122.49,0.89
18.37,0,18.28,114.93,1.02
19.13,0,18.36,99.31,1.15
19.8,0,18.54,328,0.9
20.83,0,18.25,179.58,0.99
21.61,0,18.54,233.39,1
22.5,0,18.51,49.06,1.1
23.2,0,18.44,301.77,0.96
23.98,0,18.38,326.26,0.89
-23.98,0,19.09,344.71,0.94
-23.35,0,19.38,282.15,1.22
-22.19,0,19.11,146.75,1.01
-21.76,0,19.35,279.1,0.92
-20.84,0,19.4,290.35,1.18
-19.81,0,19.4,111.52,1.11
-19.38,0,19.27,328.58,1.13
-18.37,0,19.01,126.29,1.07
-17.42,0,19.36,181.99,1
-16.93,0,19.12,61.73,1.08
-16.19,0,19.26,132.7,1.03
-15.27,0,19.3,188.65,1.09
-14.26,0,19.3,301.14,1.04
-13.54,0,19,23.71,1.08
-12.62,0,19.11,36.13,1.04
-12.2,0,19.01,154.58,1.2
-11.02,0,19.35,167.96,0.96
-10.46,0,19.17,330.95,0.91
-9.47,0,19.09,300.64,0.99
-8.76,0,19.36,121.87,0.99
-8.15,0,19.11,323.56,1.16
-7.32,0,19.35,325.29,1.19
-6.27,0,19.38,155.75,1.19
-5.72,0,19.28,199.75,0.88
-4.92,0,19.16,179.57,1.05
-4.09,0,19.11,98.38,1.02
-3.07,0,19.31,245.78,1.02
-2.53,0,19.31,352.4,0.9
-1.42,0,19.31,116.82,1.13
-0.94,0,19.24,267.74,0.9
0.19,0,19.22,152.05,1.03
1.01,0,18.99,307.45,0.92
1.67,0,19.34,32.22,0.94
2.35,0,19.35,22.32,1.17
2.99,0,19.2,8.99,1.03
3.87,0,19.19,263.91,0.9
4.99,0,19.15,350.65,1.04
5.55,0,19.33,304.23,1.09
6.47,0,19.17,194.49,1.13
7.35,0,19.34,148.1,1.15
8.17,0,19.23,270.8,1
8.87,0,19.32,242.25,0.91
9.68,0,19.18,262.31,1.1
10.43,0,19.11,319.96,1.04
11.33,0,19.14,176.65,1.09
11.8,0,19.16,263.05,1.17
13.01,0,19.18,186.03,1.2
13.52,0,19.13,0.73,0.94
14.22,0,19.08,193.5,1.09
15.3,0,19.15,143.03,0.93
16.09,0,19.36,271.72,1.19
16.63,0,19.07,22.09,1.01
17.62,0,19.02,324.42,1.05
18.34,0,19.33,277.41,1.05
19.35,0,19.37,128.61,0.95
19.9,0,19.3,280.91,1
20.78,0,19.22,208.36,1
21.71,0,19.11,267.42,1.03
22.59,0,19.13,321.04,0.93
23.26,0,19.33,277.56,1.15
23.96,0,19.05,147.37,0.96
-24.03,0,20,295.95,0.97
-23.22,0,19.8,272.46,1.16
-22.6,0,19.87,316.71,1.22
-21.77,0,19.96,163.85,1.06
-20.76,0,20.09,221.29,0.97
-20.07,0,19.99,194.29,0.88
-19.03,0,20.05,312.48,0.89
-18.56,0,20.02,290.02,0.92
-17.68,0,20.02,331.81,1.21
-16.7,0,19.92,322.8,1.13
-15.99,0,20.17,145.31,1.14
-15.22,0,20.17,15.68,0.96
-14.46,0,19.89,72.32,1.11
-13.59,0,19.86,327.95,1.21
-12.61,0,20.13,130.96,1.16
-12.14,0,20.09,254.93,1.04
-11.25,0,20.1,241.52,1.07
-10.41,0,20,285.77,0.98
-9.47,0,20.16,261.61,1.02
-8.98,0,20.11,199.16,0.88
-7.97,0,20.05,240.56,1.18
-7.26,0,19.84,217.36,0.93
-6.34,0,20.19,359.47,1.19
-5.42,0,19.82,206.98,1.15
-4.92,0,20.18,137.86,1.12
-4.11,0,19.99,279.76,1.17
-3.22,0,20.17,312.05,1.1
-2.43,0,20,326.63,0.94
-1.7,0,19.94,89.8,1.06
-0.99,0,20.14,45.74,0.97
-0.15,0,20,335.48,1.06
0.8,0,20.16,131.7,1.13
1.52,0,20.18,77.11,0.93
2.35,0,20.14,279.62,0.91
3.34,0,20.13,156.12,1.03
3.9,0,20.19,263.54,0.93
4.61,0,20.13,240.14,1.08
5.73,0,19.8,267.4,1.01
6.53,0,19.84,203.25,1.13
7.22,0,19.9,132.29,1.08
8.01,0,19.84,122.34,1.05
8.71,0,20.11,289.26,1.02
9.63,0,19.85,251.3,0.97
10.35,0,20.07,4.28,0.94
11.32,0,20.12,172.44,1.11
11.87,0,20.12,334.82,0.97
12.67,0,20.14,122.33,0.97
13.51,0,19.81,197.72,1.08
14.37,0,20.15,331.75,0.93
15.25,0,19.89,308.4,0.97
15.79,0,19.9,2.22,1.11
16.73,0,19.99,354.17,0.92
17.43,0,19.95,340.43,1.14
18.52,0,20.07,135.63,1.13
19.07,0,19.82,115.16,1.03
19.97,0,20.01,48.44,1.06
20.84,0,19.84,295.33,1.06
21.71,0,20.16,204.95,1.07
22.58,0,19.88,246.63,1.2
23.32,0,19.9,336.24,1.12
24.15,0,19.88,59.34,1.19
-24.16,0,20.92,291.68,1.14
-23.21,0,20.66,341.64,1.07
-22.23,0,20.76,304.2,1.04
-21.76,0,20.79,23.54,0.96
-20.73,0,20.78,134.16,0.96
-19.87,0,20.76,293.44,1.07
-18.99,0,20.77,350.35,1.19
-18.55,0,20.85,211.74,0.95
-17.66,0,20.69,149.81,1.15
-16.88,0,20.62,21.55,1.08
-15.82,0,20.6,230.3,1.06
-15.26,0,20.68,298.82,0.98
-14.53,0,20.89,10.36,1.02
-13.46,0,20.98,33.72,1.12
-12.6,0,20.69,275.39,0.9
-12.13,0,20.6,149.19,0.98
-11.06,0,20.85,36.82,1.18
-10.58,0,20.7,332.67,1.09
-9.65,0,20.92,109.21,1.15
-8.69,0,20.71,76.07,1.14
-7.96,0,20.88,262.13,1.02
-7.16,0,20.67,133.87,1.03
-6.55,0,20.89,297.4,0.9
-5.68,0,20.59,137.21,1.19
-4.76,0,20.74,251.17,1.13
-4.16,0,20.99,82.03,1.2
-3.08,0,20.77,7.88,0.9
-2.34,0,20.72,343.33,1.11
-1.8,0,21,162.82,1.06
-0.89,0,21.01,248.28,1.1
-0.1,0,20.87,268.86,1
0.77,0,20.95,110.25,1.01
1.56,0,20.76,65.57,1.02
2.44,0,20.79,240.07,1.1
3.18,0,20.92,231.05,0.94
3.86,0,20.73,288.69,1.16
4.91,0,20.65,12.54,0.99
5.62,0,20.95,218.45,1.09
6.47,0,20.61,169.23,1.03
7.07,0,20.95,182.03,1.19
7.84,0,20.86,229.77,0.96
8.64,0,20.82,34.59,1.07
9.52,0,20.93,24.61,1.05
10.34,0,20.81,175.67,1.2
11.35,0,20.97,219.33,0.98
12.14,0,21.01,294.81,1.07
12.92,0,20.83,265.44,1.06
13.4,0,20.68,164.34,1.08
14.31,0,20.89,18.82,1.05
15.28,0,20.83,255.54,0.95
15.81,0,20.8,357.1,1.14
16.92,0,20.63,97.65,0.93
17.63,0,20.81,207.53,0.98
18.3,0,20.68,34.55,0.92
19.34,0,20.63,157.28,1.07
20.13,0,20.82,191.98,0.91
20.73,0,20.79,79.77,1.09
21.59,0,21,91.04,0.98
22.28,0,20.76,91.92,0.99
22.99,0,20.62,272.51,1.12
23.91,0,20.84,352.19,1.04
-23.94,0,21.46,117.57,0.91
-23.15,0,21.78,247.01,1.08
-22.55,0,21.45,139.09,1.05
-21.41,0,21.77,150.07,0.99
-20.64,0,21.66,244.56,1.08
-20.09,0,21.51,28.9,1.17
-19.01,0,21.71,43.5,1.14
-18.47,0,21.7,95.66,0.96
-17.57,0,21.41,161.46,0.94
-16.94,0,21.45,1.54,1.06
-16.09,0,21.67,58.18,0.9
-15.4,0,21.71,137.25,0.92
-14.34,0,21.58,292.9,1.1
-13.43,0,21.55,71.46,1
-12.97,0,21.59,43.27,1.17
-11.87,0,21.78,95.22,1.01
-11.04,0,21.46,327.77,1.19
-10.42,0,21.49,54.6,1.13
-9.54,0,21.45,107.71,1.09
-8.96,0,21.4,297.42,0.94
-8.05,0,21.4,44.43,1.18
-7.02,0,21.65,111.87,0.94
-6.25,0,21.42,27.72,1.11
-5.8,0,21.45,262.91,1.01
-4.85,0,21.71,60.38,1.17
-3.85,0,21.59,237.26,1.01
-3.29,0,21.42,3.52,1.14
-2.57,0,21.63,89.04,0.9
-1.54,0,21.78,175.36,1.15
-0.68,0,21.55,165.58,0.97
0.15,0,21.69,16.51,1
0.66,0,21.59,253.99,1.05
1.56,0,21.78,83,1
2.55,0,21.8,117.69,1.19
3.14,0,21.7,211.34,1.17
4.04,0,21.62,34.24,0.98
4.94,0,21.4,10.07,0.91
5.66,0,21.78,206.42,0.88
6.32,0,21.77,2.16,0.93
7.17,0,21.51,81.08,1.16
7.95,0,21.6,129.52,0.93
8.73,0,21.77,73.86,1.11
9.65,0,21.64,157.88,0.9
10.52,0,21.65,238.37,0.99
11.25,0,21.71,191.13,0.93
11.98,0,21.65,304.95,1.04
12.74,0,21.48,13.08,1.21
13.79,0,21.47,167.13,0.9
14.4,0,21.71,170.4,0.91
15.07,0,21.78,336.92,1.2
16.13,0,21.53,174.3,0.9
16.8,0,21.6,78.24,1.12
17.49,0,21.68,181.61,1.11
18.51,0,21.42,136.84,1.14
19.27,0,21.76,289.76,0.92
20.15,0,21.49,260.33,1.02
20.64,0,21.55,203.72,0.89
21.45,0,21.63,47.74,1.12
22.54,0,21.64,126.52,0.91
23.04,0,21.72,351.44,1.17
23.79,0,21.53,260.59,0.97
-23.92,0,22.52,107.69,1.03
-23.25,0,22.49,156.14,0.98
-22.56,0,22.53,25.9,1.07
-21.55,0,22.22,337.85,0.92
-20.62,0,22.27,202.68,1.11
-19.97,0,22.53,302.03,0.94
-19.11,0,22.31,227.86,1.18
-18.23,0,22.59,44.59,1.06
-17.59,0,22.38,261.5,0.99
-16.98,0,22.24,233.49,1.02
-16.15,0,22.54,203.9,0.89
-15.19,0,22.52,172.83,0.9
-14.26,0,22.55,328.37,1.16
-13.49,0,22.21,254.76,1.18
-12.61,0,22.25,259.3,0.92
-12.18,0,22.42,138.81,0.94
-11.12,0,22.42,15.08,0.94
-10.47,0,22.45,15.62,1.16
-9.58,0,22.25,194.24,1.13
-8.91,0,22.53,231.45,1.19
-7.87,0,22.43,12.29,0.9
-7.39,0,22.32,271.69,1.04
-6.3,0,22.55,133.99,1.2
-5.64,0,22.42,125.4,1.08
-4.82,0,22.35,119.77,1.21
-3.9,0,22.32,258.16,0.96
-3.07,0,22.23,100.18,1.1
-2.39,0,22.6,229.3,0.93
-1.6,0,22.52,109.3,1.05
-0.79,0,22.33,48.23,1.01
0.12,0,22.43,150.53,1.05
0.69,0,22.23,143.62,1.22
1.72,0,22.59,97.36,1.17
2.39,0,22.47,64.55,1.04
3.35,0,22.53,87.29,1.2
3.8,0,22.24,343.84,1.14
4.68,0,22.29,164.14,1.09
5.49,0,22.54,20.53,0.92
6.3,0,22.59,68.24,0.94
7.37,0,22.28,359.51,1.12
8.09,0,22.31,305.29,1.07
8.89,0,22.52,233.98,1.16
9.65,0,22.53,233.76,1.13
10.23,0,22.27,125.44,1.11
11.25,0,22.47,103.02,0.88
12.06,0,22.52,270.05,1.2
12.97,0,22.25,214.09,1.06
13.59,0,22.19,211.83,1.1
14.53,0,22.41,84.22,1.13
15.1,0,22.36,17.21,1.02
16.04,0,22.45,0.55,1.02
16.67,0,22.33,11.48,0.9
17.64,0,22.41,199.66,0.96
18.58,0,22.61,25.79,1.19
19.22,0,22.57,232.41,1.07
19.87,0,22.24,126.69,1.09
20.69,0,22.2,332.03,1.07
21.79,0,22.44,144.33,0.95
22.45,0,22.55,150.09,0.88
23.32,0,22.33,270.46,1.07
23.84,0,22.41,333.62,1.2
-24.02,0,23.14,251.98,1.15
-23.22,0,23.12,74.66,1
-22.29,0,23.19,84.23,1.04
-21.69,0,23.16,69.43,0.94
-20.84,0,23.19,35.78,0.88
-20.16,0,23.13,227.77,0.9
-19.17,0,23.02,50.41,0.95
-18.55,0,23.02,160.98,1.1
-17.73,0,23.16,56.56,1.18
-16.88,0,23.04,37.08,1.1
-16.04,0,23,164,0.92
-15.15,0,23.39,264.21,1.01
-14.55,0,23.23,56.67,1.1
-13.63,0,23.38,301.86,0.92
-12.71,0,23.25,80.46,1.02
-12.14,0,23.41,77.69,1.11
-11.39,0,23.23,99.86,1.18
-10.51,0,23.12,311.29,0.98
-9.66,0,23.18,217.28,0.91
-8.64,0,23.2,160.45,1.09
-8.07,0,23.31,27.03,1.08
-7.02,0,23.33,80.31,0.97
-6.38,0,23.01,60.31,1.11
-5.43,0,23.29,171.65,1.02
-4.67,0,23.31,32.14,0.9
-3.93,0,23.35,54.9,1.16
-3.11,0,23.35,99.8,1.21
-2.47,0,23.31,81.5,0.95
-1.73,0,23.24,25.85,1.02
-0.62,0,23.26,275.51,0.96
-0.06,0,23,116.78,0.94
0.65,0,23.06,143.25,1.11
1.8,0,23.08,95.83,0.92
2.37,0,23.16,345.24,1.04
3.24,0,23.1,314.03,0.9
4.01,0,23.09,339.4,1.15
4.93,0,23.39,182.52,0.98
5.66,0,23.01,171.44,0.94
6.19,0,23.35,250.93,1.1
7.21,0,23.39,245.16,1.06
7.99,0,23.25,3.83,0.92
8.8,0,23.04,284.03,1.15
9.66,0,23.24,295.8,1.11
10.51,0,23.29,255.83,0.92
11.02,0,23.21,133.31,0.94
12.07,0,23.03,10.64,1.19
12.9,0,23.03,38.02,1.07
13.68,0,23.12,340.65,1.1
14.43,0,23.13,211.77,1.19
15.09,0,23.34,113.2,1.12
15.86,0,23.29,240.81,0.89
16.69,0,23.33,150.35,0.98
17.45,0,23.23,212.16,0.88
18.44,0,23.2,309.91,1.01
19.24,0,23.03,140.35,1.02
19.79,0,23.08,31.71,0.99
20.86,0,23.07,36.54,1.02
21.44,0,23.33,319.01,0.96
22.28,0,23.27,4.12,1.2
23.17,0,23.41,245.89,1.19
24.07,0,23.33,151.09,0.92
-23.91,0,24.18,15.95,0.9
-23.21,0,23.88,117.2,0.93
-22.43,0,24.17,251.09,1.2
-21.54,0,23.93,138.21,0.9
-20.71,0,24.21,62.24,1
-19.92,0,23.93,287.68,1.2
-19.21,0,24.17,340.07,1.08
-18.44,0,23.99,265.21,0.95
-17.47,0,24.2,224.42,1.12
-16.95,0,23.8,338.85,1.19
-16.01,0,24.11,291.49,0.98
-15,0,23.82,113.68,0.91
-14.35,0,24.06,79.43,1.11
-13.54,0,23.82,150.93,1
-12.95,0,23.84,210.61,1.07
-12.1,0,24.1,260.97,1.21
-11.34,0,24,50.55,1.1
-10.31,0,24.07,327.03,1.11
-9.79,0,23.9,312.56,1.2
-8.79,0,24,345.8,1.02
-7.96,0,24.15,353.02,1.14
-7.31,0,23.82,202.13,1.13
-6.38,0,23.9,205.4,0.89
-5.62,0,23.95,227.77,1.13
-5,0,24.14,44.03,1.04
-3.82,0,24.07,136.67,1.2
-3.11,0,24.02,222.23,1.01
-2.52,0,23.99,299.23,1.1
-1.74,0,23.86,350.06,1.02
-0.69,0,24.19,260.34,0.92
0.18,0,23.96,38.55,1.03
0.63,0,24.16,82.38,1.11
1.66,0,23.84,330.94,1.12
2.35,0,24,178.69,1.2
3.19,0,23.81,18.37,1.12
3.98,0,23.87,187.58,0.91
4.77,0,24.18,312.51,0.98
5.56,0,23.88,354.88,0.91
6.24,0,23.8,190.96,1.05
7.22,0,24.18,300.9,1.17
7.92,0,24.18,264.52,0.91
8.82,0,23.85,92.78,1.11
9.67,0,23.8,340.41,1.12
10.57,0,23.8,237.97,1.13
11.36,0,23.8,10.11,0.94
11.8,0,24.19,101.37,1.02
12.65,0,24.14,207.43,1
13.79,0,24.2,141.35,1.07
14.28,0,23.88,136.8,1.05
15.18,0,23.98,188.9,0.98
16.07,0,23.88,220.94,1.01
16.7,0,23.91,64.83,0.91
17.54,0,24.12,224.52,1.06
18.57,0,24.07,296.97,1.01
19.26,0,23.92,337.57,1.12
20.03,0,24.16,252.52,1.11
20.86,0,23.96,181.5,1.11
21.66,0,23.85,103.84,1.03
22.4,0,24.1,178.13,1.16
23.13,0,24.17,55.32,1.18
24.07,0,23.99,5.26,0.94
